"","jan01","jan02","jan03","jan04","jan05","jan06","jan07","jan08","jan09","jan10","jan11","jan12","jan13","jan14","jan15","jan16","jan17","jan18","jan19","jan20","jan21","jan22","jan23","jan24","jan25","jan26","jan27","jan28","jan29","jan30","jan31","feb01","feb02","feb03","feb04","feb05","feb06","feb07","feb08","feb09","feb10","feb11","feb12","feb13","feb14","feb15","feb16","feb17","feb18","feb19","feb20","feb21","feb22","feb23","feb24","feb25","feb26","feb27","feb28","mar01","mar02","mar03","mar04","mar05","mar06","mar07","mar08","mar09","mar10","mar11","mar12","mar13","mar14","mar15","mar16","mar17","mar18","mar19","mar20","mar21","mar22","mar23","mar24","mar25","mar26","mar27","mar28","mar29","mar30","mar31","apr01","apr02","apr03","apr04","apr05","apr06","apr07","apr08","apr09","apr10","apr11","apr12","apr13","apr14","apr15","apr16","apr17","apr18","apr19","apr20","apr21","apr22","apr23","apr24","apr25","apr26","apr27","apr28","apr29","apr30","may01","may02","may03","may04","may05","may06","may07","may08","may09","may10","may11","may12","may13","may14","may15","may16","may17","may18","may19","may20","may21","may22","may23","may24","may25","may26","may27","may28","may29","may30","may31","jun01","jun02","jun03","jun04","jun05","jun06","jun07","jun08","jun09","jun10","jun11","jun12","jun13","jun14","jun15","jun16","jun17","jun18","jun19","jun20","jun21","jun22","jun23","jun24","jun25","jun26","jun27","jun28","jun29","jun30","jul01","jul02","jul03","jul04","jul05","jul06","jul07","jul08","jul09","jul10","jul11","jul12","jul13","jul14","jul15","jul16","jul17","jul18","jul19","jul20","jul21","jul22","jul23","jul24","jul25","jul26","jul27","jul28","jul29","jul30","jul31","aug01","aug02","aug03","aug04","aug05","aug06","aug07","aug08","aug09","aug10","aug11","aug12","aug13","aug14","aug15","aug16","aug17","aug18","aug19","aug20","aug21","aug22","aug23","aug24","aug25","aug26","aug27","aug28","aug29","aug30","aug31","sep01","sep02","sep03","sep04","sep05","sep06","sep07","sep08","sep09","sep10","sep11","sep12","sep13","sep14","sep15","sep16","sep17","sep18","sep19","sep20","sep21","sep22","sep23","sep24","sep25","sep26","sep27","sep28","sep29","sep30","oct01","oct02","oct03","oct04","oct05","oct06","oct07","oct08","oct09","oct10","oct11","oct12","oct13","oct14","oct15","oct16","oct17","oct18","oct19","oct20","oct21","oct22","oct23","oct24","oct25","oct26","oct27","oct28","oct29","oct30","oct31","nov01","nov02","nov03","nov04","nov05","nov06","nov07","nov08","nov09","nov10","nov11","nov12","nov13","nov14","nov15","nov16","nov17","nov18","nov19","nov20","nov21","nov22","nov23","nov24","nov25","nov26","nov27","nov28","nov29","nov30","dec01","dec02","dec03","dec04","dec05","dec06","dec07","dec08","dec09","dec10","dec11","dec12","dec13","dec14","dec15","dec16","dec17","dec18","dec19","dec20","dec21","dec22","dec23","dec24","dec25","dec26","dec27","dec28","dec29","dec30","dec31"
"St. Johns",-3.6,-3.1,-3.4,-4.4,-2.9,-4.5,-5.5,-3.1,-4,-5,-4.8,-5.2,-5.5,-5.4,-4.4,-4.6,-5.9,-5,-4.9,-5.2,-5.3,-5.9,-5.7,-5,-4.5,-4.5,-3.3,-4.1,-4.7,-5.5,-5.4,-5.5,-5.6,-5,-5.8,-5.9,-5.4,-6.1,-5.6,-4.6,-5.1,-4.8,-5.1,-6,-4.6,-5.3,-4.6,-6,-7,-6.5,-5.1,-5.2,-5.2,-4.4,-6.2,-5.8,-4.5,-3.9,-4.3,-4.2,-4,-3.5,-3.6,-3.5,-4.1,-4.1,-3,-3.5,-4.8,-3.9,-3.4,-4.2,-4,-3.6,-2.2,-1.5,-1.8,-2.4,-2.1,-2.4,-2.1,-2.1,-1.3,-1,-0.5,-0.3,-0.5,-0.3,-0.4,-0.2,-0.5,-0.3,-0.8,-0.4,0.1,1.1,0.9,1.2,0.5,1,1.1,0.7,0.2,0,0.7,1.1,1,1.4,1.6,1.2,2.3,2.6,2.3,2.1,1.7,2.5,3.5,3.4,2.7,2.8,3.7,4.8,4.7,4.6,4.5,5,3.6,2.8,4.2,4.6,5.6,5.4,5.6,6.3,6.4,5.8,6.8,6.3,6.6,6.6,6.8,6.1,6,6.2,5.7,6.1,7.1,7.2,7.4,8.4,8.7,8.3,8.8,9.5,9.2,8.3,8.6,8.6,9.8,9,8.7,8.8,9.1,9.8,10.1,10.6,12.1,11.9,11.2,13,13.4,13.1,11.6,11.9,11.6,12.6,11.3,12.5,12.9,13.3,14,13.3,12.8,13.5,13.7,13.8,13.8,14,14.7,14.8,15,15.6,15.6,14.9,15.4,15.6,15.8,15.7,15.2,16,15.9,15.8,14.9,15.6,15.1,15.3,16.8,16.2,16,16.8,17.1,16.7,16.3,16.9,16.3,16.5,16.5,16.5,16.6,16.4,16,16,16.4,16.2,15.9,15.8,15.8,15.9,15.2,15.4,14.9,14.3,14.7,14.5,14,13.1,13.3,13.8,13.5,14.5,14.4,14.2,13.9,13,12.7,12.2,11.8,11.3,12.7,13.2,12.5,12.7,13,12.5,12.5,11.6,11.6,11.5,11.5,11.3,11.4,11.6,11,11.2,11.1,11.3,11.4,10.8,11.4,10.9,10.4,9.6,9,8.6,9,10,9.6,8.7,8.6,9.3,9.2,8.1,7.9,7.2,7.2,7.8,7,7.1,7.6,6.3,6.3,6.9,6.1,5.9,5.7,5.1,5.8,6,6.7,6,4.9,4.6,4.8,3.6,4.1,5.1,4.5,5.5,5.9,4.5,4.4,3.7,3.7,3.5,3.2,3.9,3.6,3.6,3.4,2.7,2,3,2.6,1.3,1.2,1.9,1.3,1.4,1.9,1.4,1.3,0.6,2.2,1.2,0.2,-0.6,-0.8,-0.3,-0.1,-0.1,0.3,-1.2,-1.9,-1.8,-1.8,-1.8,-1.7,-2.5,-2.2,-2.2,-1.8,-1.5,-1.9,-2.8,-3.3,-2.2,-1.9,-2.2,-1.7,-2.3,-2.9,-4,-3.2,-2.8,-4.2
"Halifax",-4.4,-4.2,-5.3,-5.4,-5.6,-7.1,-5.8,-5.4,-6.8,-6.4,-7.2,-7.9,-7.2,-6.2,-5.7,-7.6,-7.8,-6.6,-6.9,-7,-8.1,-7.2,-5.1,-4.1,-4.7,-4.8,-4.7,-5.8,-5.9,-6.5,-7.5,-7.7,-6.8,-6.6,-7.2,-7.6,-8.1,-8,-6.4,-6.4,-7,-6.6,-7.3,-6.1,-5.6,-5.6,-5.8,-7.5,-7.1,-5.2,-3.8,-4.8,-4.4,-4.8,-5.9,-5.1,-5.3,-5.6,-4.8,-4.5,-4.3,-4.2,-3.6,-3.4,-3.2,-2.9,-2.7,-4.1,-3,-2.6,-3.5,-3.1,-2,-2,-1.9,-1.4,-1.7,-1.6,-1,-1.7,-1.1,-0.4,0.2,-0.1,1.1,0.9,0.6,1.2,1.6,0.5,1.1,2.1,1.8,2.3,2.6,3.1,2.7,1.7,1.9,2.4,2.8,2,2.2,2.5,3.8,3.9,4.4,4.4,4.4,4.7,5.2,4.8,4.7,4.2,4.7,5.2,5.7,5.4,5.6,6.4,7,7,6.7,7.2,7.2,7,7.1,7,7.5,7.9,8.4,8.6,9.3,9.6,9.8,9.5,9.8,9.6,9.6,11.1,11.4,11.4,11,10.4,10.4,10.5,10.8,11.5,12.9,12.8,12.7,12.5,12.6,12.9,13,12.6,12.8,13.3,13.9,14.2,13.3,13.9,13.7,14,13.5,15,15.4,15.3,15.5,16.2,16.6,16.4,16.3,15.9,16.3,16,15.7,16.3,16.8,16.7,16.7,16.8,17.1,16.7,17.2,16.9,17,17.6,18.1,18.1,18.7,18.5,17.9,18.3,18,18.3,19,19.3,19.1,19.7,19.2,19.1,18.7,18.8,18.6,19.2,19.4,18.9,18.9,18.8,19.1,18.8,19.1,19,19.1,19.8,19.6,19.1,19.3,19.3,19.7,18.8,19,18.6,18.8,18.7,18.2,18.4,18.5,18.5,17.9,17.2,17.4,17.3,16.6,16.7,16.6,17,17.6,17.7,17.3,17,16.5,16.1,16.2,15.2,14.8,15.6,15.4,15.3,15,15.4,15.4,14.8,14.1,13.5,13.5,13.9,13.4,13.8,13.6,13,12.9,13.6,13.5,13.1,12.4,12.4,12.7,12.4,12.2,11.4,11.4,10.9,11.9,12,10.6,9.7,9.8,10.5,9.9,9.5,9.1,8.5,9.2,9.1,8.4,9.1,8.7,7.9,7.8,8.1,7.1,7.4,7.7,7.3,7.4,7.8,7.4,6.6,6.3,6.6,5.6,5.3,6.3,6.2,5.8,6.7,6.4,5.6,5.1,4.3,4.5,3.7,4.4,3.8,3.5,3.4,2.7,2.3,2.7,2.8,1.4,1.3,2,2,1.1,1.4,1.2,1.3,1.2,1.6,2.1,0.4,0,-0.2,-0.3,0,-1.1,-0.2,-0.3,-2.4,-1.8,-1.9,-2.5,-3,-3,-3,-3,-2.9,-3,-4.1,-5.9,-6.1,-5,-3.8,-3.4,-3.4,-3.6,-3.6,-5.9,-5,-3.6,-4.9,-5.7
"Sydney",-3.8,-3.5,-4.6,-5,-4.1,-6.1,-5.5,-3.9,-5.4,-5.9,-6,-6.4,-6.2,-5.8,-5.3,-7,-7,-6.8,-6.4,-6.8,-7.3,-7,-6.1,-5.1,-5.2,-5.1,-4.6,-5.5,-6,-7,-7,-7.6,-7.3,-6.8,-7,-7.9,-8.4,-8.2,-7.4,-6.6,-7.1,-7,-7.9,-6.9,-6,-6.7,-5.9,-7.6,-8,-6.8,-4.9,-5.7,-5.8,-5.4,-7.1,-6.5,-6,-6.4,-5.4,-5.6,-4.9,-4.8,-4.9,-4.5,-4.6,-4.2,-3.7,-4.9,-4.5,-3.8,-4.5,-5,-3.9,-2.9,-2.8,-2,-3.1,-2.8,-2.7,-3,-2.6,-1.9,-1,-1,-0.1,0.1,-0.4,0.1,-0.3,-0.8,-0.6,-0.1,-0.5,0.1,1.3,1.6,1.3,0.7,1.2,1.6,1.4,0.6,0.5,1,1.5,2.1,2.3,2.5,1.8,2.4,3.5,3.3,2.6,2.9,1.8,3.3,4.2,3.5,3.7,4,4.8,5.6,5.6,5.3,5.5,5.4,4.8,5.1,5.8,6,6.7,7.2,7.2,7.4,7.4,7.7,8.1,8,8.3,9.1,9.2,9.9,8.6,7.6,8.3,8.8,8.6,8.9,10.5,10.8,10.2,10.6,10.4,11.1,11,10.6,11.2,10.7,11.8,11.8,11.6,11.7,11.7,12,12.2,13.2,14.5,14.1,14.5,15.2,15.5,14.8,13.8,14.4,15.1,14.5,14.3,15.2,14.9,15.8,16,15.4,15.8,14.9,15.6,15.8,16.1,16.2,17.1,18.3,17.8,17.4,17.1,16.9,17,17.6,18,18.5,18,18.4,18.6,18.3,17.4,17.9,17.9,18.3,18.9,18.4,18.6,18.8,18.5,18.6,18.8,18.7,18.8,19.2,18.7,18.3,18.3,18.9,18.6,18.8,18.7,18.8,18.2,18.1,17.7,17.9,18.2,18.4,17.1,16.9,16.8,17,16.2,15.6,15.9,16.1,16.5,16.9,16.8,16.3,15.5,15.2,15.3,14.7,14.2,14.2,15.3,15.2,14.1,14.5,14.6,14.3,13.7,13.1,12.9,13.3,13,12.8,12.9,12.8,12.4,12.8,13,12.8,12.4,11.8,12.3,11.9,11.9,11.1,10.7,10.2,11.5,12.3,10.5,9,9.8,10,9.6,9.5,9.3,8.2,8.7,8.8,8.4,8.9,8.3,7.6,7.5,8.2,7.1,7.5,7.2,7,7.3,7.7,7.4,6.4,6,6.3,5.4,4.9,5.8,6.3,5.9,6.6,6.3,5.2,5.1,4.4,4.2,3.5,4.3,4.2,3.9,3.8,3.4,2.7,3.1,3.6,2.5,1.8,2.2,2.6,1.6,2.1,2.2,1.7,1.8,1.5,2.6,1.1,0.4,0.2,0.2,0.4,-0.1,0.1,0.4,-1.2,-1,-1.2,-1.7,-2.1,-1.7,-2.2,-2.1,-1.9,-1.8,-2.2,-3.6,-4.3,-3.7,-2.2,-2.4,-2.6,-3,-3,-4.4,-4.7,-3.4,-3.3,-4.8
"Yarmouth",-1.4,-1.6,-2.5,-2.3,-2.4,-3.7,-2.6,-2.6,-4.1,-3.8,-4.3,-4.8,-4.6,-3.5,-3.1,-4.5,-4.4,-3.6,-4,-3.8,-4.4,-3.7,-2.1,-1.7,-1.8,-1.7,-2.5,-3.3,-3.3,-3.7,-3.9,-4.5,-3.8,-3.9,-4.5,-5,-5.3,-5.1,-3.7,-4.3,-4.3,-3.9,-4.6,-3.4,-3.4,-3.1,-3.2,-4.3,-3.4,-2.4,-1.7,-2.5,-1.7,-2.1,-2.8,-2.4,-2.9,-3.1,-2.4,-1.7,-1.7,-1.9,-1.3,-0.7,-0.9,-0.4,-0.6,-1.7,-1.3,-0.8,-1.5,-0.9,-0.1,0,0,0.4,0.1,0.5,0.5,0.4,0.7,1.3,1.3,2,2.2,2.1,1.6,1.9,2.8,2.4,2.6,2.8,3.3,3.7,3.7,3.8,3.7,3,3.2,3.7,3.8,3.3,3.5,3.8,4.6,5.1,5.2,5.3,5.2,5.4,6,5.8,5.7,5.5,5.7,5.7,6.6,6.9,6.6,7.4,7.7,7.4,6.8,7.5,7.5,7.6,7.4,7.5,8.5,8.5,8.7,9,9.2,9.1,9.7,9.7,10.2,10.1,9.9,10.1,10.2,10.6,10.2,10.5,10.5,10.4,9.9,10.3,11.7,11.4,11.8,12.3,11.7,11.7,11.9,12,12,12.2,12.2,12.8,12.1,12.6,12.7,13,12.9,13.1,13.5,13.6,13.4,13.9,14.6,14.7,14.7,14.6,14.7,14.6,14.3,14.6,14.9,15.2,15.6,15.2,15.1,15,15,15.2,15.1,15.5,15.5,15.9,16.2,16.1,16.4,16.4,16.2,16.5,16.5,16.9,17.1,16.7,16.6,16.7,16.7,16.7,17.1,17.2,16.8,16.9,16.7,16.9,17.3,17,17.1,16.9,16.8,17.4,17.1,17,17.5,17.5,17.7,17.2,16.9,16.6,17,16.8,16.6,16.7,16.7,16.8,16.5,16.4,16,15.7,15.6,15.6,15.6,16,16.4,16.4,16.1,16.1,15.8,15.1,15.3,15.3,14.8,14.9,15.2,14.6,14.1,14.3,14.8,14.9,13.9,13.6,13.7,13.4,13,13.3,13.6,13,12.8,12.9,13.1,13.5,12.5,12.3,12.7,12.5,11.7,11.7,11.3,11.2,12.2,12.3,11,10.4,10.8,10.7,10.5,10.2,9.6,8.9,9.7,9.2,9.4,9.3,9.5,9,8.9,8.7,8.1,8.5,8.3,8.2,8,8.6,8.8,7.7,7.6,7.9,6.8,6.6,7.3,6.8,6.8,7.7,7.4,6.8,6.7,5.8,6.1,5.4,6,5.2,5,4.9,4.8,3.9,4.5,4.8,3.2,3,3.8,3.9,3.4,3.5,3.6,3.6,2.9,3.9,3.8,2.5,1.8,1.9,2,1.9,0.6,1.9,1.7,-0.1,0.8,0.7,0.2,-0.3,0,-0.3,-0.6,-0.8,-1,-1.8,-2.8,-3,-2.1,-1.4,-0.6,-0.7,-1,-0.7,-3.1,-1.6,-1,-2.6,-2.4
"Charlottvl",-5.8,-5.6,-7.3,-7,-6.7,-8.9,-7.5,-6.9,-8.9,-8.8,-9.3,-9.5,-9.1,-8.4,-7.8,-10,-9.7,-9.1,-9.1,-9.2,-10.1,-9.2,-7.4,-6.6,-6.8,-7,-6.7,-7.6,-7.9,-8.2,-9.4,-9.9,-8.8,-8.3,-9,-9.8,-10.4,-10,-8.3,-8,-8.9,-8.7,-9.6,-8.1,-7.4,-7.5,-7.4,-9.6,-9.8,-7.8,-6.2,-6.9,-6.7,-7,-7.8,-7.6,-7.4,-7.7,-6.7,-6.4,-6.1,-6.4,-6,-5.2,-5.4,-4.8,-4.7,-6.3,-5,-4.3,-5.1,-5.5,-4.1,-3.1,-3.4,-3,-3.2,-3,-2.8,-3.2,-2.6,-2.4,-1.2,-1.1,-0.3,-0.3,-0.6,-0.3,-0.2,-0.7,0,0.3,0.4,0.7,1.4,1.2,1.4,0.7,0.6,1.4,1.3,0.7,1,1.6,2,2.9,3.3,3.2,2.5,3.1,4,3.7,3.4,3.2,3,4,4.8,4.1,4.3,5.3,5.6,6.2,6.2,6.3,6.3,6.3,5.9,6.6,7.2,7.5,8,8.9,8.8,8.6,8.4,9.5,9.4,8.6,10,10.2,10.8,10.6,9.6,9.2,9.6,9.8,10.4,10.6,12.3,12.1,12,12.1,12.1,12.4,12.1,11.6,12.2,12.5,13.4,13.2,12.8,12.9,13,13.7,13.3,14.4,15.3,15.3,15.7,16.7,16.4,16.2,16.1,16.4,16.3,15.6,15.5,16.3,16.4,16.6,16.8,16.4,16.4,16.4,16.9,17.1,16.7,17.2,18.3,18.3,18.5,18.2,17.7,18.2,18.2,18.2,18.9,19.1,19,19.4,19.2,19.1,18.1,18,18.9,19.3,19.5,19.2,19.3,19.3,19.1,19,19.3,19.1,19.6,19.8,19,18.9,19,19.3,19.3,19.2,19,18.7,18.4,18.5,18,18,18.4,18.2,17.3,17.3,17,16.8,16.3,15.8,16.4,16.7,17.2,17.1,17.1,16.5,16.1,15.5,15.6,15,14.4,15,15.4,14.8,14.6,15,15,14.2,13.4,13.1,13,13.5,13.1,13.3,13.1,12.5,12.2,13.2,13.1,13,12.3,11.9,12.3,12,11.8,11.1,10.8,10.5,11.8,11.6,10.1,9,9.7,9.9,9.5,9,8.6,8.2,9.1,8.6,8.2,8.5,7.9,7.3,7.6,7.6,6.3,6.9,6.7,6.8,7,7.3,7,6,5.9,6.3,5,5,5.7,5.7,5.2,6.4,5.5,5,4.7,3.5,3.8,3,3.7,3.3,3.2,2.8,2.3,1.6,2.2,2.4,0.9,0.7,1,1.3,0.3,0.8,0.2,0.4,0.2,0.6,1.1,-0.3,-0.7,-1.2,-1.4,-1.3,-2.1,-1.2,-1.3,-3.5,-3.2,-2.9,-3.7,-4.1,-4.2,-4.2,-3.9,-3.8,-3.8,-4.9,-6.6,-7.1,-6.2,-4.9,-4.9,-5.1,-5,-5.1,-7.7,-6.9,-4.8,-6.1,-6.9
"Fredericton",-7.9,-7.5,-9.3,-8.7,-9.1,-10.9,-9.6,-9.5,-10.8,-10.7,-11.4,-12,-11.1,-10,-10,-12.4,-11.8,-10.9,-10.5,-10.8,-11.8,-10.7,-8.4,-8,-8.1,-8.3,-8.1,-9.3,-9.4,-10.2,-10.4,-10.9,-9.5,-9,-9.9,-10.8,-11.3,-11.4,-9.1,-9.2,-9.9,-9.1,-10.7,-8.8,-8.3,-7.5,-8.1,-9.6,-9.4,-8,-6.4,-7.2,-6.3,-7,-8.3,-7.6,-7.3,-7.8,-6.3,-6.6,-5.9,-6.1,-5.2,-4.8,-4.9,-4.1,-4.4,-5.8,-4.3,-3.7,-4.8,-4.3,-3.1,-3,-2.6,-2.2,-2.6,-2.1,-1.6,-2.2,-1.4,-0.9,-0.1,0.4,1,0.4,0.8,1.4,1.4,1.1,1.7,1.6,1.6,2,2.4,2.6,2.3,1.5,2,2.5,2.8,2.5,2.8,3.4,4.3,4.9,5.3,4.7,4.7,5,6,5.3,5.3,4.8,5.5,6.3,6.9,6.8,6.7,7.6,8.5,7.7,7.8,7.5,7.6,8.1,8.1,8,9.5,9.8,9.5,10.6,10.5,10.6,11.2,11.7,11.6,11,11.9,12.5,12.8,12.6,12.2,12.2,11.8,11.6,12.2,13.1,14.4,13.6,14.2,13.8,13.9,14.6,14.2,14.3,13.9,14.6,15.5,15.2,14.7,15.2,15.2,15.6,15.6,16.6,16.8,17.3,17.2,17.6,17.5,17.2,17.4,17.8,17.8,17,17,17.7,18.7,18.2,18.1,17.9,17.9,17.8,18.2,17.9,17.8,18.6,19.4,19.5,19.6,18.8,18.6,19.1,19,19.7,20.3,20.2,20.5,20.6,20.4,19.3,18.9,19.2,19.7,20.3,19.9,19.4,19.3,19.6,19.5,19.4,19.2,19.6,19.6,20.2,19.7,19.2,20,19.8,20,19.1,19.3,18.4,18.7,18.9,18.6,18.7,18.7,18.5,17.8,17.2,17.1,16.9,16.5,16.4,16.8,17.4,17.6,17.3,16.8,17.1,16.4,15.4,15.6,15,14.5,15.2,15,14.1,14.5,15,14.6,14.2,13.4,12.7,12.7,12.9,12.5,12.7,12.8,12,11.8,13,11.8,12.1,11,11.2,11.2,11.4,11,10.5,10.3,9.9,11.3,10.8,8.8,8.3,8.9,9.2,8.7,8.2,7.5,7,8.1,7.8,7.4,7.8,7.6,6.9,7,7.1,5.8,6.4,6.4,6.4,6.4,6.4,6.4,5.1,4.9,5.3,4.4,4.1,4.5,4.6,4.5,5.4,4.2,3.5,3.7,2.5,2.8,1.8,2.5,2,1.7,1.4,0.9,-0.1,0.5,0.6,-0.9,-1,-0.3,-0.2,-1.2,-0.8,-1.3,-1.2,-1.4,-0.8,-0.8,-2,-3,-3.1,-3.6,-3.4,-4.7,-3.4,-4.1,-6.4,-5.2,-5.1,-5.7,-6.4,-6.1,-6.7,-6.8,-6.6,-6.4,-7.9,-9.6,-9.7,-8.7,-7.8,-7.6,-7.3,-7.3,-7.4,-9.7,-8.7,-7.6,-8.8,-9.4
"Scheffervll",-22.5,-23,-23,-21.8,-23.5,-24.4,-25.3,-24.9,-23.5,-24.6,-24.9,-25.5,-26.2,-24.7,-24,-24.3,-23.2,-23.8,-23.7,-25.1,-24.4,-24.5,-22.8,-22.7,-22.6,-21.6,-21.3,-21.1,-22.7,-25.2,-24.3,-24,-23.4,-23.7,-23.7,-24.5,-23.9,-22.7,-22.2,-23.9,-22.9,-22.8,-22.1,-21.5,-21.5,-21.9,-23.8,-24,-23.1,-21.6,-20.3,-21.1,-21.8,-22.5,-21.2,-21.9,-20.5,-19.6,-20.4,-19.7,-18.8,-19,-19.6,-19.2,-18.1,-17.5,-19.1,-18.6,-17.4,-17,-17.9,-18.3,-17.9,-16.3,-16.5,-16.5,-16,-15.3,-16.3,-15.7,-15.2,-14.1,-12.3,-11.8,-12.2,-11.6,-11.4,-11,-11.7,-10.3,-10.3,-11.1,-7.7,-9.6,-9.7,-10.3,-10.9,-10.6,-10,-10,-8.8,-9.3,-9.1,-7.8,-7,-6.8,-7.5,-7.1,-6.9,-6.4,-6.5,-5.6,-4.5,-3.9,-3.7,-4.2,-5.1,-4.4,-3.2,-2.5,-2.3,-2,-1.9,-2.2,-2,-1.6,-1.9,-0.8,-0.9,-0.8,-0.2,0.2,0.9,1.6,1.8,2.5,1.3,1.6,2.4,2.4,2.1,0.8,1.3,2,2.1,2.6,3.5,3.8,3.7,4.3,3.9,4,5.6,5.4,5.1,5.4,6.3,6.7,6,5.8,5.8,5.5,6.3,7.6,8.2,8,8.7,9.5,9.4,9.7,10,10.3,11.1,10.9,10.4,10.2,10.5,11,11.1,11.6,10.9,10.7,10.7,10.6,10.6,11.1,12.4,13.7,13.4,12.5,12.2,12,12.4,13.2,12.9,13.2,12.7,13.2,13,12.7,12.7,11.6,11.4,12,12.7,13,12.4,12.3,13.4,13.1,12.7,13,12.1,12.7,13.4,12.9,12.2,11.5,12.3,12.5,12.2,12.1,12,11.7,11.7,11.2,11.4,11.7,11.1,10.4,10.9,10.2,10.2,9.2,9,9.4,10.1,9.9,10.2,9.7,9.2,8.1,8.2,8.4,8.1,8.1,8.1,8.4,8,7.8,7.8,7.2,6.2,5.3,5.3,5.6,5,5.3,4.9,5.1,5.5,5.2,5,4.8,3.5,3.9,3.8,3.8,3.5,2.8,1.8,1.3,1.1,1.1,1.4,1.3,0,0.9,1.4,0.7,0.5,-0.7,-0.4,0.6,0.6,-0.2,-0.8,-0.6,-2.1,-2,-1.1,-2.4,-2.9,-3.6,-3.5,-3.4,-2.8,-2.4,-2.7,-3.2,-4.2,-5,-4.8,-4.5,-4,-5,-5.3,-5.4,-6.5,-6.5,-6.2,-6.9,-7.3,-6.9,-7.4,-8.5,-9.3,-9.6,-10.2,-10.2,-9.4,-9.9,-10.6,-9.6,-10.4,-11.3,-10.8,-11.1,-12.9,-12.7,-12.5,-13.7,-13,-12.9,-14,-14.5,-14.4,-15.4,-15.8,-15.7,-16.6,-17.5,-19.2,-19.4,-19,-19.5,-20.4,-21.3,-22.1,-21.7,-21.4,-21.1,-21.6,-22.3,-21.3,-20.1,-20.2,-20.9,-21.8,-22.4,-23.3,-21.6,-21.1,-22.2,-22.3
"Arvida",-14.1,-14.4,-15,-14.3,-16.2,-16.3,-14.6,-15.8,-16.8,-16.3,-15.2,-16.4,-17.6,-16.1,-16.9,-18.7,-18.6,-16.6,-14,-16.2,-15.5,-14,-12,-13.2,-12.5,-13.2,-13.9,-16.3,-15.6,-15.1,-14.7,-14.9,-14.9,-15.8,-16.2,-16.9,-16.5,-15.2,-13.4,-16,-15.4,-14.3,-15.4,-12.5,-11.9,-11.9,-13.6,-13.9,-12.7,-11.6,-11.2,-11.3,-10.4,-11.3,-10.9,-10.8,-10.5,-11.4,-9.7,-10.4,-9.9,-10.4,-9.9,-8.5,-8.8,-7.2,-9.5,-8.9,-7.9,-8.4,-8.5,-7.2,-6.4,-5.9,-7,-6.2,-5.5,-4.4,-5,-4.6,-4,-3,-2.3,-2.5,-2.4,-2.4,-1.3,-1.1,-0.6,-0.4,-1,-0.9,-0.3,0.2,0.9,-0.4,-0.3,-0.1,-0.2,0.7,0.9,1.7,2.9,3.6,4,4.4,4.7,3.7,3.4,4.1,5,3.9,4.9,4.4,5.2,5.5,6.5,6.3,7.6,7.2,7.5,6.1,6.1,6.4,6.9,7.4,7.5,7.7,8.6,8.2,8.5,9.1,10,9.8,11.3,12.1,11.8,11.2,12.2,11.9,11.4,11.4,11.3,12,11.4,12,12.6,13.1,13.4,13.5,13.7,12.4,13.6,14.7,14,14.4,14,15.2,14.8,14.4,13.9,14.5,16.1,16.1,15.6,16.9,16.6,16.2,17.2,17.1,17.4,16.7,17.1,18.4,18.1,16.1,16.8,17.3,18.1,18.3,18.1,17.5,18,17.6,18.2,17.3,17.8,18.5,19.3,18.6,17.9,18,18.7,19.2,19.2,18.8,19.2,19.6,19.8,19,18.8,17.9,18.5,19.1,19.9,20.5,19.1,18.6,18.4,18.9,18.7,18,18.5,18.3,18.4,18.8,18.5,18.6,17.7,18.5,18.2,18.7,17.9,17.5,17.3,17.6,18.2,17.9,17.6,16.4,16.1,15.7,15.9,15.5,15,15.1,15.4,16,16.3,16.2,15.7,15.7,15.6,15.6,14.9,14,14.7,15.1,14.4,13.6,14.2,14.2,13.6,13.4,11.4,11.8,11.3,11.2,10.9,10.5,11.6,10.9,11.4,12.4,10.8,11.2,9.9,10.1,9.5,9.3,8.3,9.2,9.1,9.9,9.1,8.8,6.7,7.1,8,6.9,7,6.6,7.1,7.7,7.6,6.1,6.8,6.6,5.8,5.4,6.6,5.4,4.9,4.5,4.3,4.4,5,5.6,5,4.1,4.3,2.5,2.2,2.9,2.9,3.6,3.6,3.4,1.3,1.3,1.7,1.8,0.9,0.2,0,-0.3,-0.8,-2.4,-3,-3.4,-1.3,-1.6,-3.5,-2.4,-3.5,-3.9,-3,-3.1,-4.3,-3.6,-4.2,-3.3,-3.3,-4.5,-5.8,-6.5,-7,-7.8,-7.9,-5.9,-7.9,-9,-9.2,-9.8,-11,-11.7,-11,-10.7,-11.5,-12.3,-12.4,-14.6,-15,-14.7,-13.3,-12.6,-12.1,-10.8,-12.4,-12.6,-14.3,-12,-12.4,-14.3,-13.7
"Bagottville",-14.6,-14.7,-15.5,-14.3,-15.8,-16.9,-15.5,-16.6,-17.4,-17.7,-16.9,-17.2,-17.5,-16.3,-17.8,-19.2,-18.1,-17.4,-16.8,-17.9,-17.4,-15.6,-14.2,-14.3,-14.9,-14.8,-14.7,-15.4,-15.8,-15.5,-16.6,-15.9,-16.1,-15.4,-16.6,-17.2,-16.9,-16.1,-15.1,-16.6,-16.1,-15.7,-16.5,-14,-13.7,-13.8,-14.8,-14.9,-13.8,-12.2,-11.6,-12.1,-11.2,-12.7,-12.6,-12.7,-12.3,-12.6,-11.3,-11.8,-10.8,-11.3,-10.2,-8.9,-9.7,-8.1,-9.4,-9.5,-8.2,-8.6,-9.2,-8.1,-7.2,-7.4,-7.5,-7.2,-6.7,-5.6,-5.9,-5.7,-4.7,-4,-3.2,-2.3,-2.9,-2.8,-2,-2.1,-1.6,-1.7,-1.7,-1.8,-1.5,-0.6,0,-0.8,-0.9,-0.5,-0.5,0.4,-0.2,0.8,2.2,2.5,4.6,3.6,3.9,2.5,3.4,3.3,3.9,3,4.1,3.6,4.7,5.4,5.8,5.6,6.4,6.8,6.6,5.4,5.4,6,6.9,6.8,6.6,7.3,8.4,7.2,7.9,8.8,8.9,9,10.4,10.8,10,9.9,10.5,10.7,10.6,10.6,10.6,11.3,10.5,10.7,11.4,12.4,12.8,12.7,12.1,12.1,13.1,13.7,13.3,13.7,13.5,14.7,14.1,13.8,14,13.6,15.2,15.1,15.1,16.2,15.8,15.9,17,17.3,16.5,15.9,16.6,17.4,16.9,15.6,16.2,16.9,17.6,17.4,17,16,17.2,17,17,16.4,17.4,18,18.7,17.8,17.4,17.2,17.9,18.2,18.2,18.1,18.7,18.9,18.7,18.5,18.2,17.3,17.9,18.4,19,20,18.4,17.9,17.8,18.3,17.8,17.8,18.1,17.8,17.8,18.1,17.3,17.3,17.3,18,17.6,18,16.9,16.8,16.8,16.7,17.1,17.2,16.7,15.8,15.5,15.2,15.4,15,14.1,14.8,15.8,16.7,16.1,15.7,15.4,15,14.2,13.6,13.5,13,13.7,13.9,13.3,13,13.2,12.9,12.9,12.1,11.1,10.8,11.4,11,10.3,10.8,10.9,10.2,10.3,10.8,9.7,9.7,9.1,9.2,8.4,8.8,7.7,8,7.3,8,8.3,7.8,6.2,6.6,7.1,6.4,6.1,5.5,5.5,6.1,6.6,5.2,4.9,5.4,4.9,4.7,5.1,4.2,3.5,4.2,4,4.1,4.5,4.4,3.4,2.8,3,2,1.8,2.2,2.1,2.3,1.7,2,0.4,0.6,0,0.1,-0.6,-1.4,-1.3,-1.9,-1.9,-2.7,-3.3,-3.7,-2.4,-2.8,-4.4,-3.9,-4.2,-4.6,-4.7,-4.4,-5.6,-5.8,-5.6,-4,-4.7,-6,-7,-7.6,-7.6,-8,-8.9,-7.5,-9.3,-10.2,-10.1,-10.3,-12,-12.9,-11.9,-11.6,-12.7,-12.6,-13.1,-14.2,-15.2,-15.1,-13.2,-12.5,-12.2,-13,-13.9,-14.1,-16.1,-13.7,-13.4,-15.7,-15.5
"Quebec",-10.8,-11.4,-12.5,-11.2,-12,-13.2,-11.9,-12.9,-13.8,-14,-13.7,-14.1,-13.9,-12.5,-13.9,-15.8,-15,-13.6,-13.4,-13.4,-13.3,-12.5,-11.1,-10.8,-11.3,-12,-12,-12.7,-12.5,-11.9,-13.1,-12.8,-13.2,-12.1,-13.1,-13.5,-13.3,-13,-11.8,-12.7,-13.2,-12.3,-13.2,-11.1,-11.1,-11.3,-11.3,-12,-11.2,-9.5,-8.5,-9.1,-8.3,-9.4,-10,-9.7,-9.8,-10.4,-8.9,-8.9,-8.1,-8.5,-7.4,-6.1,-6.6,-5.8,-7.4,-7.5,-5.9,-6.4,-7.6,-6.2,-4.9,-5.2,-5,-4.5,-4.8,-4.1,-4,-3.8,-3,-2.7,-1.9,-1.7,-1.6,-2.3,-1.1,-0.9,-0.4,-0.6,-0.8,-0.8,-0.1,0.4,0.8,0.4,0.2,0.5,0.9,1.6,1.3,1.9,2.5,3.2,3.7,4.1,4.7,3.8,4.4,5,5.2,4.6,5.1,4.7,5.7,6.3,7,6.9,7.6,8,8.4,7.2,7.2,7.8,8.1,8.6,8.2,8.8,9.8,9.7,9.5,10.7,10.4,10.3,11.5,12.3,12.2,11.3,12.1,12.2,12.4,12.3,12.4,12.6,12.4,12,12.7,13.6,13.8,14,13.7,13.2,14.1,15,14.6,15.2,14.2,15.3,15.3,15.1,15.2,15.3,16.3,16.3,16.6,17.2,17,17.3,17.3,17.8,17.6,16.9,17.3,17.7,17.4,16.2,17.2,18,18.4,18,18.4,17.4,17.9,17.8,18,17.7,18.1,18.9,19.6,19.5,19,18.4,18.7,18.9,18.8,19.2,19.9,20.1,20.5,19.8,19.7,18.8,19.1,19.3,19.9,20.5,19.4,19.1,19.2,19.1,19.3,18.9,19.2,19.1,18.9,19.4,18.7,18.7,18.7,19,18.7,18.6,17.8,17.9,17.8,17.8,18.1,18,18.3,17.5,17,16.6,16.4,16.2,15.7,15.9,16.7,17.4,17.4,16.9,16.4,16.3,16,15.5,15.4,14.9,15,15.4,14.5,14,14.5,14.2,14.3,13.3,12.6,12.2,12.9,12.3,11.7,12.2,12.7,11.7,11.9,12.1,11.5,11,10.4,10.3,9.9,10.5,9.5,9.4,9.1,9.7,10.1,9.7,8.1,8.1,8.9,8.4,7.3,6.9,6.6,6.8,7.7,7,6.6,6.6,6.6,6.3,6.6,6.1,5.5,5.5,5.7,4.9,5.3,5.6,4.9,4.5,4.3,3.7,3,3.2,3.2,3.4,3.1,3.4,2.2,2.5,1.5,1.3,1.1,0.3,0.8,0.3,0.3,-0.5,-1.1,-1.5,-0.9,-0.9,-2.1,-1.9,-2.4,-2.7,-2.8,-2.2,-3.3,-3.4,-3.9,-2.8,-3.1,-4.1,-5,-5.6,-5.4,-6.2,-6.7,-5.2,-6.5,-7.4,-7.3,-7.8,-9,-9.3,-8.5,-8.3,-9.1,-8.9,-9.7,-10.8,-12.2,-12,-10.4,-9.3,-8.4,-9.6,-10.6,-11.1,-12.9,-10.8,-10.1,-12.3,-12.1
"Sherbrooke",-10.1,-10.5,-11.4,-10.2,-11.3,-12.6,-11.3,-13.2,-13.9,-12.7,-13.2,-13.5,-13.5,-12.3,-13.5,-15.4,-14.2,-12.3,-11.9,-11.6,-12.4,-11.9,-9.8,-8.4,-9.7,-10.1,-10.5,-11,-11.1,-11,-11.8,-11.4,-11.5,-11.9,-13.1,-13.3,-13.2,-12.4,-11.6,-13.2,-12.9,-11.4,-11.9,-9.8,-10.7,-10.3,-10.8,-11.7,-10.4,-8.2,-7.1,-7.7,-7.3,-8.7,-8.9,-9.3,-10.1,-10.6,-8.9,-8.2,-7.2,-7.8,-6.7,-5.2,-6.2,-4.7,-6.6,-6.9,-5.3,-5.3,-7.2,-5.5,-3.7,-4.2,-5,-4.5,-5,-3.8,-3.2,-2.9,-2.8,-2.6,-1.8,-1.4,-0.8,-1.5,-0.8,0.3,0.9,0.5,0.3,0.5,1.1,1.8,1.6,0.9,0.9,0.6,1.2,2.1,1,1.5,3.4,4.1,4.7,5.1,5.8,4.9,5.3,5.6,5.9,5.5,5.1,5.3,5.9,6.1,7.4,7.6,8,8.6,8.7,7.4,7.4,7.2,7.3,8.4,7.5,8.5,10.4,9.6,9.8,10.9,10.2,9.6,11.1,12.3,12.4,11,12.5,13.1,12.2,12.2,12.1,12,12.1,12,12.7,12.5,12.9,14.1,14.4,14,13.8,13.3,13.4,14.2,13.8,14.6,14.7,14.3,14.4,14.4,14.8,15.3,15.8,16.5,16.1,16.3,16.4,17,16.4,16.2,16.3,16.8,16.5,15.3,16,16.6,17.2,16.8,17.5,16.8,17.3,16.9,16.9,16.9,16.8,17.7,18.6,18.6,17.8,17.1,17.4,17.8,18,18.4,18.5,19,19.3,18.9,18.9,18.2,17.6,18.1,18.6,19.1,18.4,18.3,17.8,18,17.6,17.8,18.2,18.4,18.9,18.4,17.6,17.6,17.7,18.6,18.2,17.1,16.7,16.5,16.9,17.3,17.2,17.2,17.2,16.3,15.7,15.7,15,15,14.3,14.7,15.5,16.5,16.9,16.5,15.6,15.2,14.7,14.5,14.4,14.1,13.9,14.6,13.9,12.9,13.4,13.3,13.8,13,11.9,11.9,12.3,11.7,11.8,12,12.3,11.1,11.5,11.5,11,10.4,9.6,9.9,10.6,10.5,9,9.4,8.7,9.4,9.5,9.6,7.8,7.7,8,8.1,7,6.9,6.4,6.2,7,6.8,6.7,7.3,7.1,6.5,6.5,5.8,5.5,5.5,5.9,5.6,5.3,5.8,5.2,4.7,4.9,3.5,2.7,2.9,3.7,4.1,4.2,4.1,2.6,2.9,2.1,2.1,1.6,1.4,1.3,0.7,0.2,-0.4,-1.5,-1.1,-0.5,-0.2,-1.7,-1.6,-1.7,-2.2,-2.4,-1.9,-2.7,-2.8,-3.5,-1.1,-2.1,-3.6,-4.5,-4.8,-4.4,-5.9,-7,-4.8,-6.9,-7.3,-6.2,-6.8,-8.4,-8.6,-7.3,-6.8,-7.8,-8,-9.4,-10.4,-11.4,-10.8,-9.4,-8.6,-7.4,-8.6,-9.3,-10.4,-12.4,-10.1,-9.1,-11.3,-10.7
"Montreal",-8.7,-9.9,-9.8,-9,-9.8,-10.7,-9.7,-11.5,-11.5,-11.4,-11.4,-12.3,-11.5,-10.5,-12.2,-14,-12.4,-11.7,-10.9,-10.4,-10.9,-9.7,-8.7,-8.3,-9.2,-9.4,-9.6,-10.1,-10.1,-10,-11.2,-10.7,-10.9,-10.6,-11.4,-11.6,-11.4,-11.1,-9.8,-11.1,-10.7,-10.1,-10.3,-8.6,-8.5,-8.8,-9.2,-9.5,-8.6,-6.6,-6.1,-6.8,-6.2,-6.7,-7.5,-8.5,-8.2,-7.4,-6.7,-6.4,-6.6,-6.2,-5.3,-4.3,-4.1,-3.2,-5.1,-5.3,-3.9,-4.4,-4.9,-3.6,-2.6,-2.6,-3.2,-3.1,-3.5,-2.2,-2.3,-1.8,-1.2,-0.5,-0.2,0.2,0.3,0.1,1.2,2.1,2.5,2.2,2.1,1.8,2.2,2.8,3.1,2.5,2.9,2.8,3,3.8,3.1,4.1,5.3,5.9,6.6,6.8,7.4,6.6,7,7.1,7.6,7.2,7.4,7.2,7.6,8.4,9.4,9.5,9.8,10.7,10.6,9.3,9.4,9.6,10.1,10.4,10.2,10.7,12.4,11.9,11.7,12.7,12.6,12.2,13.5,14.3,14,13,14.2,14.7,14.4,15,14.8,14.6,14.7,14.3,14.8,15.2,15.3,15.9,16.3,16,16.1,15.9,16.1,16.6,16.3,17.4,17,16.8,17.1,16.8,17.1,18,18.5,18.5,18.2,18.6,19,19.3,19,18.6,19,19.6,18.9,18.4,18.8,19.7,19.7,19.9,20.3,19.6,19.8,19.4,19.7,19.7,19.9,20.8,21.5,21.3,20.2,20,20.4,20.8,20.8,21.1,21.3,21.5,22.2,21.9,21.5,21,20.9,21.3,21.9,22.2,21.2,20.9,20.8,20.8,20.7,20.6,21.2,20.7,21.4,21.2,20.4,20.6,20.6,20.8,20.4,20,19.4,19.4,19.7,19.5,19.5,19.7,19.8,19.2,18.6,18.4,17.9,17.4,17.5,17.8,18.6,19.4,19.3,19.1,18.4,18.2,17.8,17.6,17.4,16.8,17.2,17.5,16.4,15.7,16.6,16.5,16.4,15.5,14.2,14.5,15,14.4,14,14.1,14.6,13.8,13.9,13.8,13.5,12.7,11.8,12.6,12.8,12.7,11.5,11.1,10.9,11.5,11.9,11.5,10,10,10.4,9.9,9.2,8.8,8.3,8.5,9.5,8.7,8.8,8.9,8.8,7.5,8.5,7.6,7.1,7.5,7.4,7.3,6.9,7.6,6.8,6.3,6.3,5.4,4.7,5.2,5.6,5.6,6.2,5.6,4.1,4.5,3.6,3.8,3,3.1,2.4,2.2,1.8,1.3,0.5,1,1.2,0.9,0.2,0.1,-0.3,-0.5,-0.2,0.1,-1.1,-0.9,-1.3,0.1,-0.9,-1.8,-2.6,-3.2,-3.5,-4.6,-5,-3,-4.9,-5.4,-4.9,-5.6,-6.6,-6.4,-5.4,-5.7,-6.7,-7,-7.9,-8.7,-9.6,-9.2,-8.3,-7.3,-6.4,-7.4,-8.4,-8.8,-10.6,-8.7,-8.5,-10.3,-9.2
"Ottawa",-9.4,-10.4,-9.9,-9.2,-10.1,-11,-10.5,-12.5,-12.1,-12.1,-12.2,-12.8,-12,-11,-13.1,-14.7,-12.7,-11.7,-10.9,-11,-11.8,-10.1,-9.1,-8.9,-9.8,-10,-10.5,-10.6,-11.2,-10.8,-11.5,-11.1,-11.9,-11.3,-11.9,-12,-11.8,-11.2,-10,-11.7,-10.8,-10.6,-10.6,-9.3,-9.3,-9.4,-9.6,-9.6,-8.8,-6.5,-6.7,-7.3,-6.4,-7.1,-7.6,-8.8,-8.4,-7.2,-6.8,-6.6,-6.6,-6.4,-5.8,-4.3,-4.6,-3.8,-5.3,-5.2,-4.2,-5.4,-5.5,-3.8,-2.8,-2.6,-3.5,-3.2,-3.4,-2.6,-2.8,-2.2,-1.4,-0.5,-0.5,-0.3,-0.2,-0.1,0.9,1.8,1.8,1.4,1.8,1.6,1.6,2.2,2.7,1.8,2.7,2.8,3.1,3.3,3,4.3,5.2,6.1,6.4,6.9,7.2,6.3,7,7.3,7.6,7.6,7.5,7.6,8.1,8.4,9.4,9.4,9.6,10.5,10,9.3,9.2,9.5,10.2,10.5,10,10.5,12.3,12.1,11.4,12.5,12.4,12.5,13.2,14.1,13.7,12.9,14.4,14.4,14.4,15.3,14.8,14.9,14.5,14.3,15,15.1,15.2,15.8,16.3,15.6,15.9,15.6,16.3,16.8,16.5,17.4,17.4,17.1,17.3,17,17.3,18.1,18.4,18.2,18,18.6,18.7,19.1,18.8,18.5,18.7,19.4,18.5,18.4,19,19.7,19.7,19.3,19.9,20.1,20.1,19.6,19.8,19.9,20.3,20.9,21.7,21.5,20.4,20.1,20.6,20.8,21,21.2,21.1,21.5,22.4,21.5,21.2,20.8,20.8,21.2,21.4,21.7,20.8,20.6,20.6,20.5,20.1,20,20.6,20.2,21.3,20.7,20.3,20.3,20.6,20.8,20.3,19.7,19,19.3,19.2,19.6,19.5,19.4,19.7,19.1,18.5,18.3,17.8,17.5,17.6,17.6,18.5,19.2,19.1,18.8,18.1,18.1,17.5,17.4,17.3,16.6,17.4,17.2,16.6,16,16.5,15.9,16.1,15,14.4,14.8,14.8,14.2,13.5,13.5,14.1,13.2,13.5,13.2,13,12.5,11.5,12,12.4,12,10.7,10.7,10.3,11.2,11.4,10.7,9.5,9.4,10,9.2,8.8,8.5,7.8,8.1,8.9,8.4,8.3,8.9,8.5,7.4,8,6.9,7.1,7.1,6.2,6.9,6.7,6.8,6.4,6.1,6,4.8,4.3,5,5.1,5,6,4.9,3.6,3.4,2.4,2.8,2.3,2.3,1.8,1.7,1.3,0.7,0.1,0.4,0.9,0.7,-0.2,-0.7,-1.1,-1.2,-0.7,-0.7,-1.8,-1.5,-1.7,-0.9,-1.9,-2.6,-3.4,-4.1,-4.4,-5.2,-5.3,-3.8,-5.9,-6.2,-5.7,-6.5,-7.4,-7.1,-6.2,-6.7,-7.4,-7.8,-8.6,-9,-10,-10,-9.2,-8.3,-6.7,-8.2,-8.9,-9.7,-11.5,-9.6,-9.2,-11,-9.7
"Toronto",-5.4,-5.4,-5,-5.9,-5.7,-5.6,-6.8,-8.5,-7.7,-7.7,-7.6,-7.7,-6.5,-7.1,-9.3,-9.1,-7.2,-7.4,-7.8,-7.6,-7.9,-5.7,-4.9,-5.4,-5.8,-6,-6.6,-6.7,-6.8,-7,-7.2,-7,-7.4,-7.5,-7.4,-7.5,-7.9,-8,-8.3,-8.4,-7.8,-7.3,-7,-6.5,-5.9,-5.5,-6.4,-5.9,-4.5,-3.4,-4.2,-4.2,-3.5,-4.1,-4.2,-6,-5.8,-4.7,-4.5,-3.8,-3.3,-3.8,-2.6,-1.2,-1.7,-2.1,-3.2,-2.7,-2.4,-3.3,-2.5,-1.2,-0.6,-0.6,-1.2,-1.3,-1.9,-0.8,-0.4,-0.6,-0.2,0.8,0.6,0.8,1.2,1.5,2.5,3.7,3.4,2.4,3.2,3.3,2.8,3.4,3.6,3.3,4.1,3.4,4,4.1,4,4.7,6,6.5,6.5,6.5,7,7,7.5,7.9,7.5,8,7.7,7.7,8.6,8.9,9.3,9.2,9.3,9.7,8.9,8.9,8.9,8.9,10.4,10,9.5,10.1,11.8,11.9,11.6,11.3,11.1,12,12.1,13.4,13.3,12.7,14.1,13.8,13.5,14.5,14.3,14.6,14.4,13.6,13.6,14.8,14.8,15.5,16.1,14.7,14.9,15.2,15.6,16.2,16.9,17.3,17.1,17.1,16.9,16.4,17.2,17.5,17.9,18.1,17.5,17.7,18.3,18,17.5,17.5,18,18.5,17.9,18.2,19.2,19.4,19,19.6,19.6,19.4,19.6,19.2,19.6,19.6,19.8,20.5,21.2,21,20.4,20.4,20.3,20.7,20.4,20.8,20.7,21,22.3,21.7,21.2,20.9,20.7,21.1,21.2,21.5,20.7,20.4,20.3,20.2,19.9,19.8,20.5,20.7,20.8,20.3,20,20.1,20.6,20.5,20.2,19.6,19.1,18.9,19.8,19.7,19.6,19.6,19.8,19.3,18.8,18.6,18,18.2,18.3,18.7,19.4,19.8,19.9,19.3,19.1,19,18.1,17.9,17.8,17.7,18.1,17.6,17.6,17.2,17.6,17.2,17.1,15.9,15.4,16.3,15.9,14.7,14.4,14.6,14.9,14.9,14.8,14.5,13.9,12.9,12.4,13,13.5,12.7,11.2,11,11.4,12.2,12.2,11.5,10.4,10.5,10.8,9.9,10.7,10.1,9.1,9.5,9.3,9.1,9.3,9.9,8.8,8.6,8.8,7.5,7.8,8.2,8.2,8,7.7,7.8,7.8,7.4,7.2,5.5,5.6,6.4,6.8,6.9,7.2,6,5.1,4.6,4,4.7,4.2,4.2,3.5,3.2,3.3,3,2.5,2.9,3.2,3,2.5,1.9,1.4,1.3,2.3,2.1,1,1.7,2.6,1.7,0,-0.2,-0.6,-1.1,-1.6,-1.9,-1.3,-1,-2.3,-1.5,-1.7,-2.1,-3.6,-2.4,-2.5,-3.4,-2.9,-3.5,-3.7,-4.2,-4.8,-4.4,-4.5,-3.6,-3.3,-4.6,-4.9,-6.1,-5.7,-4.2,-4.7,-5.7,-5
"London",-5.2,-5.7,-5.3,-5.8,-6.5,-5.6,-6.1,-7.7,-7.5,-7.2,-7.3,-7.5,-6.6,-6.7,-9,-8.7,-7,-7.6,-8,-7.8,-7.3,-5.2,-5.3,-5.6,-5.6,-6.3,-6.7,-7.1,-6.9,-6.9,-7.6,-7.1,-7.6,-7.5,-7.5,-7.6,-7.9,-8.1,-8.7,-8.6,-7.9,-7.2,-6.9,-6.8,-6.6,-5.9,-6.3,-5.9,-4.3,-3.5,-4.4,-4.3,-3.4,-3.9,-4.4,-5.9,-5.8,-5,-5,-4,-3.2,-3.2,-1.9,-1,-1.6,-2.3,-2.9,-2.6,-2.5,-2.6,-1.5,-1,-0.3,-0.2,-1,-1.5,-1.5,-0.7,-0.5,-0.4,0,1,0.2,0.6,1.2,1.5,3,4,3.5,2.7,3.3,3.4,2.8,3,3.3,3.3,3.9,3.4,4.1,3.7,4.3,5.1,6.5,6.7,6.8,6.3,7.1,7.1,8.7,8.6,8.5,7.7,8,7.4,8.6,9.2,9.2,9.5,9.5,10.1,9.1,9.2,8.6,8.9,11,10.2,10.2,11,11.8,11.6,12.1,11.9,11.5,12.5,13.2,13.3,13.1,13.3,14.4,13.9,13.7,14.5,14.5,14.8,15,14.2,13.8,14.9,14.8,15.4,16.1,15.4,15.2,14.9,15.8,16.6,17.3,17.6,17.6,17.6,17,17.1,17.6,17.8,17.9,18.4,17.4,17.7,18.7,18.3,18,17.5,17.9,18.4,17.6,18.2,19.1,19.6,19.4,20.1,19.8,19.5,19.6,19.6,19.4,19.7,19.8,20.2,20.9,20.7,20.2,20,20,20.6,20.2,20.2,20.2,20.6,21.8,21.6,21.1,20.6,20.5,20.7,20.9,21,20.3,20.1,20.2,19.8,19.5,19.6,20.2,20.4,20.1,19.8,19.7,19.8,20.3,20.2,19.9,19.2,18.6,18.6,19.6,19.4,19.4,19.6,19.4,19.3,18.7,18.5,17.8,18.6,18.3,18.8,19,19.4,19.6,19.4,18.6,18.9,18,18,17.8,17.8,18.1,17.8,17.6,17.2,17.5,17.3,16.8,16.1,15.6,16.3,15.5,14.8,14.6,14.7,15,15.2,15.2,14.5,14,12.8,12.2,13,13.6,12.4,11.4,11.3,11.8,12.3,12.5,11.8,10.9,10.6,10.4,9.9,10.7,10.1,9.4,9.6,9.4,9.4,9.7,10.2,9.2,8.9,8.9,7.8,8,8.7,8.2,8,7.8,7.6,7.4,7.3,7.3,5.6,6.4,7.1,7.5,7.4,7.1,5.8,5,4.6,4.1,4.8,4.5,4.5,3.6,3.3,3,2.7,2.9,2.9,3.3,3.1,2.5,2.3,1.5,1.2,2.3,1.6,1.2,2.1,2.3,1,-0.3,-0.3,-0.6,-1.2,-1,-1.4,-1,-1.3,-2,-1.8,-2.3,-2.5,-3.3,-2.2,-2.5,-3.2,-3.1,-3.6,-4,-4.3,-4.5,-4.4,-4.5,-3.9,-3.5,-4.5,-4.7,-6.3,-5.6,-4.1,-4.7,-5.7,-4.9
"Thunder Bay",-14,-14,-13.5,-13.9,-14.4,-14.5,-16,-16.4,-16.6,-16.9,-15.2,-14.9,-15.7,-16.5,-16.6,-15,-14.4,-14.7,-15.6,-15.2,-13.6,-13.8,-14.5,-14.3,-14.7,-15.1,-16.1,-15.6,-14.9,-15.1,-15.1,-15.9,-16.2,-15.5,-14.9,-14.6,-14.3,-14.4,-14.4,-14,-13.3,-12.9,-11.9,-12.3,-12.8,-13.5,-13.3,-11.7,-11,-11.7,-11.2,-10.1,-9.4,-10.9,-12.1,-11.6,-10.5,-10,-10,-9.4,-8.1,-8.9,-8.1,-8.3,-7.6,-8.7,-8.1,-7,-8,-6.8,-7.5,-6,-5.3,-5.6,-5.4,-5.7,-5.1,-4.6,-4.8,-5.1,-4.4,-4.4,-4.7,-4.1,-3.2,-2.7,-2.1,-1.9,-1.7,-1.6,-1.5,-1.5,-1,-0.4,0.1,0.4,0.1,-0.2,0.7,1.4,1.5,1.3,2.6,2.6,4,4.5,3.7,3.4,3.5,4.1,4.5,4.5,4.6,4.9,5.6,5.2,5,5.4,5.9,5.6,4.9,5.6,6.2,6.6,6.6,5.8,7.5,7.4,6.8,7,8.4,8.4,8.6,8.4,9.3,9.5,9.4,10.4,9.4,10,10.7,10.8,11.3,11,10.6,11,11.4,11.4,11.7,12.4,11.8,11.3,11.8,12.6,12.7,13.3,13.4,13.1,12.6,12.2,13,13.6,13.4,13.7,13.8,13.4,13.2,13.6,14.3,14.3,13.6,14.1,14.6,14.7,15,15.2,15.8,15.9,15.5,15.9,16.1,16,16.6,16.4,16.9,17.1,18,18.1,18.1,17.1,17.4,17,17.1,17.1,17.6,17.1,17.5,18.2,19.3,18.2,17.5,18,18.3,18.7,18.3,18.2,18.1,17.5,17.4,17.6,17,17.8,17.7,17.7,17.8,17.5,17.4,17.7,17.8,17.8,17.1,16.2,16.9,16.8,16.7,17.1,16.5,16.9,16.4,15.7,16.4,15.9,15.7,15.3,15.7,15.7,16.4,16.1,16.1,15.8,15.7,14.7,13.8,14.6,14.5,14.9,14.3,13.8,14,13.3,13.5,13.4,12.7,11.5,11.6,11.3,10.5,10.4,10.5,11.5,11.8,10.5,10.7,9.6,8.8,8.1,8.9,8.6,8.6,7.7,8.2,7.9,8.1,8.8,8,7,7.1,7.8,6.4,6.5,6.2,6.4,6.5,6.9,5.6,5.7,6.6,5,5.2,5.2,4.1,3.8,3.9,4.2,4.5,3.8,4.5,3.8,4.1,4.4,2.8,2.1,2.9,3.3,2.1,2.2,1.3,0.1,0.4,0.2,-0.6,-1,-1.1,-2,-2.1,-2.8,-2.9,-2.8,-1.8,-2,-2.6,-3,-2.9,-3.5,-4.4,-4.5,-4.8,-6.5,-5.6,-5.2,-5.7,-7.2,-7.6,-7.9,-8.6,-9.5,-9.1,-7.9,-7.4,-9,-9.3,-9.8,-10,-10.8,-11.2,-10.2,-10.7,-11.1,-11,-11.2,-11.2,-12.3,-12.7,-12.5,-11.2,-10.4,-12.5,-13.8,-14.8,-15.1,-13,-12.8,-13.8,-14,-13.9
"Winnipeg",-17.9,-16.9,-17.7,-18.5,-18.2,-18.4,-19.9,-19.7,-21.2,-20.5,-18.7,-18.6,-17.9,-19.5,-19,-17.8,-18.5,-18.2,-17.9,-17,-15.2,-16.1,-17,-17.6,-18.7,-19.3,-18.8,-18.7,-18.8,-18.4,-17.3,-19.8,-18.6,-17.3,-17.3,-16.8,-16.1,-17.1,-16.9,-15.2,-16.3,-15,-14.8,-14.9,-15.7,-16.5,-13.8,-13.9,-14.2,-13.9,-14.4,-12.8,-13,-13.5,-13.7,-12.5,-10.5,-12.1,-11.8,-10.8,-11.4,-11,-10.1,-9.5,-10.1,-11.4,-10,-10,-8.8,-7.8,-7.2,-6.9,-7.2,-6.9,-7.5,-6.6,-5.6,-5.4,-5.7,-4.8,-4.8,-5.2,-4,-3.5,-3.7,-3.5,-3.3,-3.5,-2.2,-2.2,-2.6,-1.9,-1.5,-0.6,0.4,1,2.1,2.5,2.2,1.9,2.9,3.4,3.5,4.4,4.7,5,4.9,5.3,6,5.7,5.7,5.6,6.6,6.5,7,6.6,6.2,7,7.1,7,7.6,7.8,8.1,9.1,8.4,8.9,9.4,8.8,9.7,10.1,9.7,10.1,11.3,11.4,11.2,12,12.8,12.6,11.5,12.7,14,14.2,14.2,14,14.3,13.8,14.7,15.4,15.1,14.9,15,14.7,15.1,16.5,16,16.7,16.4,15.5,14.9,15.4,16.3,17.4,17.1,16.6,15.5,15.3,16.6,16.9,17.3,16.6,17.4,17.6,17.7,18.1,18.4,18.7,18.6,18.9,18.7,18.6,18.1,18.8,18.3,19,18.7,20,20.3,19.9,19.4,20,20,19.6,20,19.5,18.9,20,20.6,20.1,19.8,19.5,19.4,19.9,20.3,20.2,19.6,19.4,18.9,19.4,19.8,19.3,19.5,19.2,19.5,19,18.9,19.2,19.3,19.9,19.5,19.2,18.4,18.4,19.1,18.8,18.8,18.7,18.7,18.2,18,17.9,18.5,17.7,17.6,17.7,17.6,19.3,18.6,17.8,17.6,17.7,16.5,16.4,16.1,15.7,16.1,16.1,15.5,15.3,14.7,14.9,14.1,14,13.3,13,12.6,11.9,11.9,12,12.8,12.8,12.4,11.1,11.1,10.1,10,9.4,10.4,10.5,9.7,8.4,8.5,9.2,9.8,9.5,8.5,8.7,8.5,7.7,7.6,6.8,6.6,7.2,7.5,6,5.8,7.4,6.6,5.9,5,4.4,3.9,4.8,5.6,4.5,4.7,4.1,3.9,3.8,4.9,3.1,1.6,1.9,2.1,2.1,1.1,0.3,-0.1,-0.7,-0.4,-1.4,-2,-2.3,-3.6,-3.9,-3.2,-3.5,-4,-3.6,-3.4,-3.2,-4.5,-5.5,-6.4,-6.7,-6.6,-7.7,-9.5,-8.4,-7.6,-8.4,-10.1,-10.9,-10.6,-10.7,-11.6,-12.2,-11.5,-9.5,-11,-12.5,-12.2,-12.6,-13.5,-14.9,-13.9,-14.5,-14.5,-15.5,-14,-13.5,-14.3,-14.7,-16,-16.9,-15,-14.6,-16.4,-16.7,-18,-17.3,-16.5,-16.1,-16.8,-17.4,-17.8
"The Pas",-20.5,-19.6,-20.6,-21,-21.7,-22.6,-24,-23.2,-23.9,-23.3,-21.9,-21.6,-21.8,-22.3,-21.1,-20.9,-21.6,-20.5,-20.2,-18.6,-18,-20,-20.2,-21.1,-22.2,-22.7,-21.7,-21.8,-22,-20.2,-20.8,-22,-20.1,-19.3,-19.8,-19.6,-17.2,-18.3,-17.2,-17.5,-18.2,-17.7,-18,-18.5,-19.8,-19.2,-16.8,-17.5,-17,-17.2,-16.3,-15,-16.6,-15.5,-15.6,-14.9,-13.8,-14.8,-14.5,-13.7,-14.7,-13.1,-11.4,-10.8,-13.1,-13.8,-12.9,-12.7,-11.4,-10.8,-9.8,-9.4,-9.8,-9.9,-10,-9.1,-8.3,-9.1,-8.8,-8.2,-8.8,-7.9,-6.7,-7.3,-8.3,-7.5,-6.4,-5.7,-5,-5.7,-6.1,-4,-4.3,-2.8,-3.2,-2.8,-1.8,-1.2,-1.7,-2.2,-1.5,-0.5,0.7,1.4,1,0.6,1.2,2.1,2.2,2.4,3.2,3.6,3.4,3.9,3.4,3.2,4.1,5,3.9,3.9,4.4,4.6,4.9,5.8,5.9,6,6.7,6.6,6.5,7.1,7.4,8.1,8.7,8,8,8.2,8.3,8.4,9.1,10.2,10.7,11.4,11.4,10.6,11.6,12.3,12.6,12.5,11.6,11.2,11.6,11.9,12.6,13.6,13.9,14.2,13.3,12.2,13.2,13.2,13.5,14.4,13.9,13.1,13.5,14.6,15.6,15.4,14.9,15.2,15.9,15.9,16,15.5,16,16,16.6,16.8,16.4,16.7,16.9,17,17.6,17.6,17.7,17.3,17.3,17.3,17.5,17.7,17.4,17.5,17.5,17.1,17.4,17.4,17.8,17.7,17.1,17.2,17.6,18.1,19,18.2,17.7,17.4,17.4,17.9,18.1,17.9,17.8,17.8,18.1,17.6,17.9,17.8,18,18.6,18,17.6,17.1,17.4,17.6,16.5,16.7,16.6,16.7,16.1,15.7,16.2,16.5,15.9,15.8,15.7,16.5,16.2,15.1,15.1,15,14.7,14.1,13.7,13.1,13.2,13.3,12.8,12.1,12.1,12.3,11.7,11.6,11.4,11.2,11.1,10,10,10.5,9.8,10.1,10.5,9.6,9.5,8.5,7.6,8.1,8.4,8.2,7.8,7,6.3,6.6,6.7,7.5,6.5,5.8,5.9,6.6,5.8,5,4.2,4.9,5.4,5.7,4,4.4,4.8,3.8,3.5,3.6,2.6,2.3,3.4,3,2.5,2.4,2.3,1.6,1.7,1.4,0.8,-0.2,-0.3,-0.2,-0.4,-1.6,-2.2,-2.4,-3.2,-3,-4,-4.7,-4.4,-5.3,-5.3,-5.7,-6.2,-5.8,-5.6,-6,-6.1,-7.2,-8.8,-9.8,-10.2,-9.9,-11.6,-12.8,-11.2,-12.2,-12.9,-13.3,-14.4,-13.5,-13.3,-13.5,-14.9,-14.2,-14.4,-15.2,-15.3,-16.6,-16.5,-17.4,-18.9,-17.8,-18.3,-19,-19.2,-17.7,-16.8,-17.5,-17.6,-19.1,-19,-18,-18.5,-19.2,-19.7,-19.7,-19.1,-18.8,-20,-20.3,-20.1,-21
"Churchill",-24.9,-25,-26.5,-26.7,-26.7,-28.5,-28.8,-27.4,-27,-26.4,-25.9,-27.4,-26.9,-27.4,-26.7,-26.1,-27.5,-26.5,-25.6,-25.5,-25.9,-27.4,-27.7,-27.5,-27.3,-27.6,-27.2,-28.3,-29.2,-28.4,-28.4,-28.8,-27.5,-27.1,-27.5,-26.4,-25,-25.4,-25.3,-25.6,-25.3,-25.7,-26.7,-27.3,-27.6,-25.9,-25.8,-24.7,-25.5,-25.9,-25.5,-24.7,-25,-24.3,-24.2,-23.1,-23,-24.3,-23.9,-23,-22.9,-21.6,-21.4,-21.3,-21.7,-21.7,-22.6,-23.1,-22.4,-22.1,-21.9,-20.7,-21,-21.5,-20.4,-20.6,-20.1,-19.8,-18.9,-19,-18.7,-18.7,-19.2,-19.5,-18.7,-16.9,-17.1,-16.4,-16.1,-16.6,-15.5,-13.8,-15.1,-15.8,-15,-14.6,-14.6,-14.1,-12.9,-14.1,-13.6,-10.4,-8.8,-9.7,-10.7,-10.8,-9.5,-8.5,-8.6,-8.2,-6.8,-7.3,-7.4,-6.3,-7,-7.1,-5.5,-4.4,-5.4,-6.1,-5.2,-5.6,-4.9,-5.1,-3.9,-3.3,-3.7,-3.3,-3.3,-2.8,-2.3,-2.2,-2.4,-1.5,-2,-2,-1.8,-1.2,-0.5,-0.5,0.3,0.7,1.7,2.3,2.9,3.1,2.2,2.2,2.3,2.2,2.5,3.3,3.8,4.7,3.6,3.5,3,3.8,4,4.3,4.9,3.9,4.5,4.9,6.1,7.2,7.7,6.1,6.5,8.6,8,6.7,7.8,7.5,8.9,9.6,9.3,8.3,8.6,9.2,11.1,11,10.2,11,11.8,11.3,10.9,10.9,11.3,11.2,10.4,11.4,11.7,10.8,11.4,11.9,11.5,12,12,12.6,12.9,14.4,13.8,12.5,11.6,11.6,12.3,12.3,12.5,12.7,12.6,12.1,11.8,11.7,12.4,12.8,12.7,12.2,11.1,11.2,11.8,12.3,12.7,12.5,12.3,12.4,11.4,11.4,11.2,11.9,11.1,10.6,10.9,10.8,11.8,11.1,10.7,10.7,10.8,9.8,9.6,9.3,8.9,9.2,9.1,8.5,7.1,6.9,7.6,7.7,7.1,6.6,6.4,6.5,5.9,6.3,6.2,5.9,6.6,6,5,5.6,4.6,4.5,4.6,4.3,3.4,2.3,1.7,2,1.9,2.2,2.2,1.4,1.2,1.4,1.7,1.6,0.6,-0.6,-0.1,0.5,1.2,-0.1,-0.4,-0.1,-0.9,-1.7,-1.6,-1.7,-3,-2.4,-2.5,-2.9,-2.9,-2,-2.3,-3.2,-4.6,-5.2,-5.3,-4.9,-5.4,-5.8,-6.9,-6.9,-7.1,-8.2,-8,-9.6,-10.3,-9.8,-9.8,-11.1,-11.4,-11.2,-11.3,-11.2,-11.9,-12,-12.6,-13.6,-15.6,-15.1,-14.6,-14.6,-15.8,-15,-14.8,-16.8,-17.4,-18.9,-19.3,-18.5,-17.9,-19.3,-19.6,-18.8,-20,-20.5,-21.7,-22.7,-21.3,-22.3,-23,-22.6,-23.6,-23.7,-22.5,-22.8,-23.1,-23.7,-23.7,-22.5,-23,-24.7,-24.9,-24.8,-24.8,-24.2,-23.5,-25.1,-25.2,-24.4,-25.5
"Regina",-15.7,-15,-15.8,-17.3,-17,-17.1,-18.6,-19.5,-20.8,-20,-18.2,-17,-15.7,-16,-16,-15.4,-16.1,-16.4,-15.9,-14.6,-12.7,-14,-13.6,-15.3,-17.4,-17.6,-16.9,-16.6,-16.9,-16.4,-15.9,-16.6,-16.5,-15.4,-15.4,-15,-14.5,-14.4,-13.8,-13,-13.6,-12.8,-12.1,-12.5,-14,-14,-12.9,-13.1,-12.6,-11.9,-11.8,-10.6,-11.5,-11.3,-11.1,-9.5,-9.1,-10,-10.4,-10,-10.6,-10,-9.7,-9.2,-8.3,-9.4,-8.5,-7.6,-6.3,-5.9,-6.7,-6,-5.6,-5.9,-5.6,-4.6,-4,-4.7,-4.6,-3.9,-4.6,-3,-2.7,-3.6,-3.2,-2.9,-3.2,-2.4,-1.2,-1.4,-0.8,-0.5,-0.2,0.9,1.7,2.2,2,2,2.9,2.9,3.4,3.4,4.1,4.5,4.8,4.1,4.8,5.5,5.1,5.7,5.9,6.6,7.2,7.5,7.2,6.7,6.5,6.7,6.5,7.3,7.5,7.9,8.3,8.8,8.4,9.2,9,9.3,9.8,9.3,9.3,10.6,11.1,11.4,11.6,11.9,12.6,12.1,11.8,12.9,13.6,13.6,13.9,14.2,13.4,13.3,14.1,13.8,14.1,14.5,14.3,14.4,15.2,15.2,15.3,16.4,15.3,15.5,15.3,16.4,16.4,16.4,16,15.8,15.2,15.5,15.9,16.4,16.4,16.2,16.9,17.3,17.2,17.3,18,17.7,17.6,18.5,17.1,17.1,17.3,17,18.1,18.5,18.7,19.2,19,18.6,18.9,19.3,19.1,18.8,18.2,18.6,18.8,19.2,19.3,18.9,18.4,18.5,19.1,19.6,19.6,19.1,19.1,18.4,18.8,18.9,19.6,19.8,18.6,19,19.4,18.9,18.7,19.5,20.2,19.7,19,18.6,18.4,18.9,19.2,18.5,18.3,18.3,18.6,18.9,17.5,17.6,17.5,18,18,17.5,18.1,17.9,17.1,16.8,16.7,16.3,15.6,15.9,15.4,15.6,15.3,14.5,14.4,14.4,14.3,13.7,13.4,13.5,12.5,12.8,11.8,11.3,11.9,11.5,11.7,11.7,10.7,10.6,9.8,9.1,9.2,10.2,10.3,9.8,8.9,8.5,9,9,9.3,8.7,8.6,8.5,7.7,7.1,6.8,6.7,6.4,6.5,6.4,5.4,6.7,6.7,5.7,5.6,5,3.8,4.2,5,4.7,4.2,3.6,3.7,3.4,3.6,3.8,1.5,1.4,1.1,1.3,1,0.4,-0.2,-0.9,-0.5,-1.3,-2.1,-2.2,-2.6,-3.2,-2.9,-3.6,-3.9,-3.3,-3.2,-3.5,-3.6,-5.3,-7,-6.1,-7,-7.6,-8.6,-8.9,-7.7,-9.2,-9.6,-11,-10.4,-9.8,-9.5,-11.4,-11.6,-10.4,-9.8,-11.9,-11.6,-11.8,-12.7,-12.7,-12.9,-11.9,-12.8,-14.7,-13.6,-13.2,-13,-13.3,-13.9,-15,-14.2,-13.3,-14.4,-14.8,-14.4,-14.2,-14.4,-14,-16,-16.9,-16.4,-16.9
"Pr. Albert",-19.3,-18,-18.5,-19.4,-20.3,-20.3,-22,-22.6,-24,-23.7,-21.5,-20.7,-20.1,-20.2,-19.3,-18.5,-19.5,-19,-19.5,-17.6,-15.7,-17.3,-16.6,-18.7,-21.2,-20.6,-20.4,-20.3,-20.2,-18.9,-18.7,-20,-18.8,-18,-18.9,-17.5,-16.8,-16.8,-15.9,-15.6,-17,-16,-15.7,-16.3,-18,-17.4,-15.6,-16.9,-16.6,-15.3,-15.2,-13.1,-14.5,-14,-14.1,-12.8,-11.6,-13.2,-12.6,-13.2,-13.9,-12.2,-12.1,-11.8,-11.6,-12.2,-11.9,-10.6,-8.8,-9.2,-8.5,-8,-8.1,-8,-8.1,-6.4,-6.4,-7.4,-7,-6.8,-7.4,-6.5,-5.4,-6.1,-6.4,-5.9,-5.3,-4.1,-3.7,-3.8,-3.7,-2.3,-2.4,-0.9,-0.4,-0.3,0.2,0.8,0.5,0.7,1,1.8,2.4,3.5,3.5,2.7,3.2,3.8,4.8,4.3,5.2,5.7,6.1,6.5,5.5,5.6,5.7,6.6,6.5,6.5,6.5,7.2,7.6,8.1,7.2,8.7,8.6,8.8,8.6,8.3,8.9,10.1,10.5,9.8,9.8,9.7,10.8,10.3,10.6,11.2,12.5,12.8,12.3,12.3,12.9,12.7,13.6,13.3,12.9,13.1,13,13,13.7,14.1,14.5,14.3,14.2,14,13.7,15,14.8,14.9,14.5,13.9,14.1,14.7,15.4,15.4,15.3,15,15.8,15.9,16.2,16.3,16.3,16.4,16.4,16.8,16.6,16.4,16.4,16.3,17.1,17.5,17.5,17.2,17.6,17,17.4,17.6,17.3,18,17.1,17.3,17.2,17.2,17.4,17.6,17.5,17.1,17.8,18.3,18.7,18.2,17.4,16.9,17.3,17.7,17.6,17.5,17.5,17.6,17.2,17.2,17.5,17.8,17.8,17.9,17.5,16.9,16.5,17.3,17.4,16.3,16.6,16.5,16.8,16.1,15.8,16.6,16.2,15.6,16,15.9,15.9,15.5,14.8,14.5,14.4,14.4,14.2,13.3,13.5,13.8,13.4,12.7,12,12.1,12.4,12.1,11.4,11.2,10.6,11.2,9.8,10,10.6,9.8,10.1,9.8,9.3,9.5,8.6,8.2,8.4,8.4,8.1,8.2,7.4,7.1,7.3,7.7,7.7,6.6,7.5,6.9,6.4,5.8,5.7,5.3,5.6,6.5,5.6,4.6,5.3,5.1,4.2,4,3.6,2.6,2.8,4.2,3.7,2.5,2.1,2.5,2.2,1.7,1.3,0.1,-0.7,-1,-0.6,-0.9,-1.9,-2.1,-2.3,-2.3,-3,-4.7,-4.6,-3.9,-5.1,-5.2,-6,-5.6,-5.4,-5.5,-5.7,-6.1,-7.7,-8.5,-9.3,-9.9,-10.2,-11.3,-12.5,-11.4,-12.1,-12.2,-14.2,-13.4,-12,-12.1,-13.6,-14.7,-13.7,-13.3,-14.8,-15.7,-15.4,-15.4,-16.3,-16.8,-16.6,-16.7,-17.7,-17,-16.7,-15.8,-16.7,-16.5,-18.2,-17.3,-17.4,-17.4,-17.8,-17.6,-17.7,-18,-18,-19.8,-20.6,-19.2,-19.9
"Uranium City",-23.5,-23.6,-24.6,-25.5,-26.5,-27.9,-28,-28.4,-28.5,-28.1,-27.7,-27.8,-27.8,-27.4,-26.9,-25.8,-26.4,-26.1,-24.7,-24.6,-26.4,-26.1,-24.6,-27.2,-29.4,-29.4,-28.6,-30,-28.5,-25.8,-27.7,-27.1,-26.9,-27.1,-26.4,-24.4,-23.1,-21.7,-20.7,-21,-22.8,-25,-25.8,-24.3,-23.1,-22.4,-22.8,-23.4,-23.2,-22.3,-20.3,-18.8,-19.1,-19.1,-18.4,-17.8,-19.1,-20.1,-18,-19.5,-19,-17.4,-17.1,-18.2,-18,-19.5,-18.2,-17.2,-16.5,-15.9,-15.3,-15.4,-14.7,-15.1,-16,-14,-15.3,-15,-14.7,-14.6,-15.5,-14.6,-12.8,-13.7,-12.1,-10.9,-10.4,-10.5,-10,-9.5,-9.4,-10.1,-8.9,-8,-8,-6.5,-6.6,-4.7,-4.7,-4.8,-4.5,-2.7,-1.9,-3.2,-2.7,-2.6,-2.2,-2,-1,-1.1,0.1,1,1.4,2.1,1.9,2.4,3,3.4,2.9,2.9,2.1,2.4,3.1,3.4,3.3,3.9,3.8,4.5,4.8,4.7,6.4,5.9,5.8,6.3,6.1,7.2,7.1,6.7,7.9,9.2,9.4,9.5,9.9,9.8,10.8,9.6,10.2,10.1,9.5,10.1,10.7,11.8,12.1,11.9,12,11.8,10.8,10.7,11.1,11.2,11.2,11.9,12.2,12.4,13,13.9,13.5,14.1,13.5,14.1,13.9,13.8,14.7,14.4,15.4,15.6,15.5,15.4,15.3,15.1,16.1,15.8,16.4,16.5,17.2,17.4,17,15.9,15.7,16.3,16.6,16,16.3,16,16.2,16.1,15.8,16.3,16.2,16.6,16.6,16.4,15.8,15.5,15.5,15.7,16.2,16.1,15.4,15.7,16.3,16.6,16.2,16.7,16.5,16.2,16.5,16.3,15.7,15.9,16.7,16.6,15.2,14.1,14.4,14.8,14.9,14.3,14.7,15.5,14.2,14.3,13.9,14.3,14.1,13.2,12.7,12.5,12.6,11.9,11.5,11.1,11,11.2,10.2,9.2,9,9.7,9,9.3,8.8,8.8,8.6,7.6,7.8,7.8,7.7,8.2,8.1,7.4,7.5,6.9,6.4,6.7,6.2,6,5,4.2,3.9,4.2,4.5,4.6,4.3,4.6,4,3.5,2.7,1.7,2.4,2.8,3.3,3.7,2.4,2.2,2.2,1.6,1,0.6,0.5,-0.3,-0.1,0.1,-0.8,-1.3,-1.1,-0.5,-1.6,-2.1,-3.1,-3.1,-2.6,-1.7,-3,-4.5,-4.9,-5.3,-6.2,-5.8,-7.5,-8.6,-8,-9,-9.7,-9,-9.4,-9.4,-8.6,-8.9,-9.3,-10.7,-12.5,-14.3,-14.6,-14.4,-14.6,-15.4,-15.3,-17,-17.4,-19.1,-18.7,-16.9,-15.5,-17.1,-18.4,-18.2,-18.2,-19.4,-20.4,-19.8,-21.2,-21.9,-22.4,-22.8,-23.5,-23.6,-24,-22.2,-22.3,-21.2,-20.8,-21.3,-22.6,-20.6,-22.9,-24.4,-25.1,-24.1,-22.7,-23.6,-24.4,-25.2,-24.2,-23.4,-23
"Edmonton",-12.6,-12.7,-14.2,-14.8,-15.4,-15.1,-16.4,-17.4,-18.6,-17.4,-16.6,-14.9,-14.4,-14.7,-13.3,-13,-12.9,-12.4,-12.6,-10.8,-11.3,-11.9,-11.4,-12.6,-13.2,-14.4,-13.7,-14.1,-14.8,-14.1,-14.6,-14.5,-13.4,-12.2,-12.6,-11.6,-11.2,-11.1,-10.4,-11.2,-10.7,-10.5,-10.7,-11.7,-12.8,-11.8,-12.1,-12.6,-10.3,-9.7,-9.9,-9.7,-9.2,-9.5,-8.9,-8.3,-7.9,-8.6,-9.3,-10.5,-9.9,-10.1,-8.7,-7.4,-7.1,-7.3,-6.4,-6.1,-6.3,-6.3,-6.6,-5.7,-5.3,-5.5,-5.3,-3.9,-3.5,-3.4,-3.6,-3.9,-4.7,-3.7,-4,-3.5,-2.6,-2.4,-2.1,-0.9,-0.3,-0.5,-0.5,-0.2,0.8,1.6,1.5,1.2,1.8,2,1.6,1.8,1.9,2.3,3.2,4.1,4.1,3.7,4.4,4.3,5.1,5.2,5.5,5.9,6.8,6.6,6.1,6.3,6.7,6.8,7,7.5,7.9,8.1,7.9,7.9,8.7,8.8,8.9,9.1,9.2,9.2,9.9,9.9,9.9,10.1,9.3,9.9,10.5,10.4,10.7,11.1,11.3,12,12,12.1,12.4,12.4,12.5,11.8,12.8,12.8,12.3,13.5,13.9,13.4,13.7,14,13.2,13.7,14.6,13.8,13.7,13.7,13.6,13.8,13.5,14.5,14.5,14.6,14.7,14.4,14.5,14.8,14.9,14.6,14.6,14.4,15.1,14.9,14.5,14.6,14.4,14.8,15.5,15.4,16.1,15.9,15.2,15.7,16,16.1,16,15.7,16.2,15.6,15.9,15.8,15.6,15.8,15.6,15.8,16.4,16.2,15.9,16.2,15.9,16.2,16.7,16.9,16.6,16.1,16.6,17.1,17.2,16.9,16.8,17.4,16.6,16.4,16.7,16.2,16.2,16.4,15.7,15.6,15,15.7,15.3,15.1,14.9,15.3,14.5,14.9,14.4,14.3,14,13.4,13.1,12.9,13.4,13.4,12.8,12.9,13.4,12.9,12.4,12.1,12.3,11.8,11.1,10.8,10.8,11,10.5,9.9,9.7,9.8,10.2,10,9.9,9.1,9.4,9.6,8.7,8.9,9.5,9.5,9.7,8.5,7.9,7.7,8,8.9,8.5,8.1,10.9,7.8,7.1,7.1,6.7,6.4,6.5,6.7,6.1,6.2,6.3,5.6,5,4.8,3.9,3.8,4.6,4.1,3.7,3.1,2.6,3.1,3,3.1,1.6,-0.3,-0.2,0.5,1.4,0.9,-0.3,-0.7,-1.3,-1.1,-2,-2.6,-3.1,-3.4,-3.8,-4.3,-4.6,-4.4,-4.3,-3.9,-3.7,-5,-7.3,-7.7,-7.4,-7.9,-9,-9.8,-8.4,-8.2,-9.8,-10.2,-9,-8.3,-8.4,-10,-11.6,-11.7,-11.1,-9.8,-10.5,-10.8,-11.4,-11.6,-11.3,-11.8,-11.6,-12.6,-12.4,-11.2,-10.5,-11.6,-12.3,-12.5,-12.4,-12.3,-13,-13.8,-12.8,-11.3,-11,-11.5,-13.6,-14.9,-13.9,-14.2,-13.6
"Calgary",-8.6,-8.4,-9.2,-10.8,-12,-11.7,-12.1,-13.7,-13.2,-12.9,-11.9,-8.9,-9,-9.8,-8.2,-7.9,-7,-7.9,-7.7,-6,-6.5,-7.7,-7,-8.3,-8.7,-9.4,-8.8,-9,-10.1,-10.2,-10.2,-9.9,-7.9,-8.1,-7.3,-6.2,-5.5,-6.3,-5.9,-6.4,-6.2,-5.6,-6.2,-7.6,-9,-7.1,-7.3,-8.4,-6.8,-5.8,-5.3,-4.7,-4.5,-5.1,-4.8,-4.1,-4.2,-4.6,-5.2,-7.2,-7.1,-7,-5.1,-4,-3.4,-4,-2.6,-1.8,-2.4,-3.1,-2.9,-2.2,-2.1,-2,-1.6,-1.5,-1.3,-1,-0.9,-1.1,-1.8,-1.5,-1.3,-1.7,-1,-1,-0.6,0.8,1.9,1,1.6,1,1.8,2.6,2.6,3.2,2.3,2.8,3.1,2.8,2.6,3.5,4.2,4.8,5,4.5,4.6,4.4,4.8,5,5.6,6.1,6.5,6.3,5.9,5.1,5.9,6.2,6.5,7,7.6,7.4,7.6,7.4,8.3,8.4,7.8,8.5,8.8,8.2,8.2,9.4,9.4,9.5,9.3,9.5,10.3,9.8,10,10.6,11,11.4,11.6,11.1,11.5,11.7,11.5,11.2,12.1,11.9,11.8,13.1,13.3,13.1,13.4,13.4,12.7,13,13.2,13.2,13.5,13.1,13.1,12.9,13.2,13.9,13.9,14.2,14.8,14.9,14.4,14.6,14.6,15.1,14.8,15.1,15.8,15,14.8,14,14.2,15,15.1,15.3,15.9,15.9,15.5,15.7,16.4,16.3,16.3,16,16,16.2,16.1,16.4,15.8,15.3,15.8,16.2,16.8,16.8,16.9,16.6,16.6,16.3,17.1,17.5,17.6,16.5,16.7,17.1,17.4,17.3,17.1,17.8,17.3,17,16.8,16.4,16.7,16.7,16.5,16.5,15.8,15.9,16.1,15.5,15.3,15.8,15.3,15.1,15.3,14.9,14.9,14.4,14.2,13.9,14.8,13.8,13.5,13.3,13.6,13.7,12.8,12.8,13,13.1,12.1,11.4,11.5,11.9,11.2,10,10,10.1,10.3,10.4,10.5,9.6,10,10,9.1,9.4,10.3,10.6,10.5,9.8,8.6,8.6,8.8,10.1,9.6,9.2,8.7,8.6,8.1,7.6,8.1,7.6,7.4,7.6,7.2,7.1,7.8,6.2,5.4,5.2,5.3,3.8,5.8,5.8,5.5,4.2,3.7,4.8,4.4,4.7,3.1,1.9,1.9,1.6,2.6,2.4,1.6,1.1,0.6,1.2,-0.2,-0.5,-0.2,-0.6,-1.6,-1.9,-2.3,-2.1,-2,-1.8,-1.6,-2.1,-4.5,-5.1,-4.3,-4.6,-6,-6.8,-5.7,-5.2,-6.5,-7.3,-5.5,-4.9,-5.1,-5.7,-7.4,-7.8,-6.7,-6.3,-6.9,-7.3,-8.2,-7.2,-7.7,-7.6,-6.4,-7.3,-8.1,-6.6,-6.2,-6.8,-7.5,-8.5,-8.5,-8.6,-9.7,-9.4,-9.3,-7.4,-6.8,-7.4,-9.3,-10.7,-10,-10.4,-10.1
"Kamloops",-5.3,-5.6,-6.5,-6.8,-7.3,-7.9,-6.5,-5.9,-5.9,-6.4,-6.3,-4.7,-4.1,-4.5,-4,-2.6,-3.2,-3.8,-3.4,-3.3,-3.9,-3.6,-4.1,-3.8,-4.3,-4.6,-3.9,-3.5,-4.2,-4.6,-4.1,-4.1,-3.4,-2.4,-2.3,-2.2,-2.5,-2.4,-2.3,-2,-1.3,-0.3,0.3,-0.4,-1.1,-0.2,0.3,-0.5,-0.1,0.9,1,1.1,1.1,1,0.6,1.1,1.2,1.8,1.7,1,0.8,0.8,1.1,1.9,3.3,2.8,3.9,3.9,4.1,4.3,4.3,4.4,4.5,4.8,5.2,5,5,5.5,5.8,6.1,5.5,6.1,5.6,5.3,6.1,6.4,6,6.8,7.4,7.6,8.3,8,7.3,8.1,8.5,8.1,7.8,8.1,8.5,9,8.2,8.8,9,9.8,9.6,9.4,9.4,9.6,9.7,10.2,10.5,10.6,11.2,10.7,10.5,10.5,12,11.4,11.4,11.7,12.1,11.9,11.9,12.3,12.6,13.2,13.3,13.6,13.3,13.3,13.4,13.3,13.4,13.2,13.5,14.4,14.2,14.6,15.1,15.7,15.4,15.4,14.9,14.6,15.4,15.8,15.7,15.3,16.4,16.8,17,17.5,17.5,17,17.1,17.4,17.6,17.8,17.6,17.5,17.4,17.3,17.3,17.6,18.3,18.9,18.8,19,19.6,19.7,19,19,19,19.2,18.8,19.7,19.3,18.3,18.7,18.7,18.2,18.4,18.8,19.4,19.7,19.1,19,19.9,20.4,20.5,20.4,20.1,20.5,20.7,20.7,20.2,20.4,20.6,20.8,21.2,21.5,21.4,21.5,22,22,22.3,22.7,22.8,22.2,21.9,22,22.6,22.4,22.2,22.6,22,21.5,21.4,21.4,22.2,21.7,21.4,21.4,21.2,21.1,20.9,20.4,20.2,19.7,19.9,20.2,19.9,19.8,19.3,19,19.3,18.7,18.6,18.3,18.2,18.2,18.2,18.4,17.7,17.5,17.7,17.6,17.4,16.6,16.3,16.7,16.6,15.9,15.3,15.3,14.5,15.1,14.8,14.9,14.9,15.1,14.2,14.1,14.4,13.6,13.7,13.2,13.2,13.1,12.6,12.7,13,12.6,12.2,11.9,11.9,11.1,10.6,10.4,10.3,10.8,9.9,9.7,9.2,9.2,9,8.5,7.9,7.6,7,7.7,7.6,7.6,7.9,7.4,7.5,7.7,7.7,7.2,6,5.9,5.4,5.3,5.6,5.4,4.2,4.9,4.9,3.8,3.9,4.1,2.9,3,2.6,3,3.2,2.9,2.7,2.7,2.4,1.4,0.6,1.4,0.9,-0.2,-1.3,-0.7,-0.9,-1.3,-1.7,-0.9,-1.8,-1.6,-1.6,-1.5,-1.3,-1,-1.6,-2,-1.9,-1.7,-2.1,-2,-1.7,-2.1,-2.8,-2.5,-1.7,-2.2,-2.7,-2.9,-4,-3.5,-3.5,-4,-3.6,-3.9,-3.9,-4.4,-3.5,-4.3,-6.2,-7,-6.4,-6.3
"Vancouver",2.3,2.1,1.9,2,1.6,1.4,1.8,2.6,3,2.7,2.3,2.9,3.4,4,4.1,4,3.5,3.5,3.3,3.7,3.5,3.2,3.5,3.3,3.3,3,3.4,3.6,3.2,2.9,3.5,3.4,3.6,4.2,4.1,3.8,4.3,4,4,4.3,4.6,4.8,5.1,5.3,4.7,5,5.2,4.6,5.1,5.3,5.2,4.9,5.3,5.1,5.2,5.4,5.1,5.5,5.8,4.9,5.1,4.7,4.9,5.5,5.9,5.6,5.7,6.2,6.4,6.3,6.2,6.4,6.5,6.6,7,6.4,6.8,6.8,7,6.7,6.9,7.1,6.4,6.6,6.8,7,6.7,7.4,7.9,7.5,7.6,7.9,7.9,8.1,8.5,8.1,8,8.2,8.5,8.2,8.2,8.2,8.7,9,8.9,8.9,8.7,9,9,9.2,9.5,9.6,10,9.4,9.4,9.9,10.5,10.2,10.5,10.5,10.7,10.9,10.7,10.9,10.9,11.3,11.4,11.5,11.7,11.7,11.7,11.8,11.6,11.6,12.1,12.4,12.3,12.7,13.2,13.2,13,12.8,12.6,13,13.5,13.2,13.3,13.5,13.7,13.7,14,14.2,14.2,14.4,14.4,14.7,14.9,14.7,14.5,14.5,14.8,14.8,14.8,14.9,15.5,15.5,15.2,15.6,15.9,16.1,15.8,15.6,15.8,15.8,15.8,16.1,15.4,15.4,15.9,15.8,15.9,16,16.5,16.5,16.5,16,16.2,16.7,17,16.8,16.4,16.6,17.1,17,17,16.7,16.8,17.4,17.7,17.9,17.9,17.5,17.8,17.9,18,18.2,18.4,18.3,18.2,18.1,18.3,18.6,17.8,17.7,18.1,18.1,17.9,18,18.3,18.5,18.5,18.3,18.4,17.9,18,17.7,17.5,17.5,17.4,17.2,17.1,17.4,17,16.8,16.8,16.9,16.7,16.8,16.7,16.5,16.5,16.3,16.1,16.1,16.3,16,16.1,15.9,15.5,15.3,15.2,15.4,15.1,14.7,14.4,14.5,14.6,14.2,14.3,14.1,14,13.8,13.6,13.6,13.6,13.5,13.1,13.3,13.2,12.9,12.9,12.6,12.9,12.6,12.2,11.8,11.8,11.2,11.4,11.2,11.6,11.1,11.1,10.8,10.6,10.5,9.9,9.7,9.2,9.1,9.2,9.4,9.4,9.7,9,9.6,9.2,9.4,8.8,8.7,8.4,7.8,8.2,8.3,7.9,7.8,8,7.9,7.4,7.3,7.8,7.2,6.8,7,6.7,6.9,6.5,5.9,6.2,6.5,5.4,5.4,6,5.6,4.7,4.3,4.6,4.8,4.1,3.9,4.3,4,3.6,4.4,4.7,4.6,5.1,4.3,4.1,4,3.9,4.4,4,4,4,3.5,3.7,4.4,3.9,3.5,3.3,3.3,3.3,3.3,3.3,3.2,3.3,3.6,3.2,3.3,2.4,1.5,1.9,2.2,1.9
"Victoria",3,2.7,2.7,2.9,2.6,2.1,2.7,3.3,3.6,3.1,3.2,3.7,4,4.5,4.8,4.4,3.9,3.8,3.8,3.9,3.8,3.8,3.8,4.1,3.5,3.2,3.8,3.7,3.4,3.6,3.6,3.8,3.9,4.4,4.4,3.8,4.3,4.4,4.5,5,5.4,5.2,5.3,5.1,5,5.2,5.3,4.6,5.2,5.5,5,4.8,5.1,5.1,5.2,5.1,5.2,5.4,5.8,4.8,4.8,4.4,4.8,5.5,5.7,5.8,5.8,6.2,6.3,5.9,6.2,5.9,6.2,6.3,6.5,6.5,6.5,6.4,7.1,7,6.8,6.7,6.2,6.5,6.7,6.8,7,7.3,7.6,7.5,7.6,7.6,7.6,8,8.1,7.7,7.4,8,8.3,7.9,7.6,7.8,8.4,8.8,8.7,8.6,8.3,8.1,8.2,8.8,8.7,9.1,9.2,8.8,9.3,9.6,10.1,9.6,9.7,10,10.2,10.4,10.1,10,10.4,11,10.8,11,10.8,10.9,11.2,11.3,11,10.9,11.4,11.9,11.8,12.3,12.4,12.9,12,12,11.9,12.2,12.6,12.3,12.1,12.9,13.1,12.9,13.3,13.5,13.2,13.3,13.6,14.1,13.8,14.1,13.6,13.6,13.9,13.9,13.8,13.9,14.7,14.6,14.4,14.9,15.1,15.2,14.8,14.9,14.8,14.9,15.2,14.8,14.6,14.7,15,15,14.9,15.2,15.5,15.5,15.3,15.2,15.1,15.6,15.8,15.5,15.2,15.9,16.3,16.2,16,16.3,16.3,16.7,16.8,16.8,16.8,16.7,16.7,16.9,17,17.2,17,16.9,16.7,17.2,17,17,16.7,16.7,16.8,16.6,16.5,16.8,17.3,17.3,17.3,17.3,17.3,16.7,16.8,16.3,16.5,16.1,16.1,15.8,16.1,15.7,15.8,15.9,16,15.4,15.3,15.7,15.9,15.4,15.6,15.4,15.4,15.3,15.5,15.2,15.2,15.1,14.9,14.5,14.1,14.7,14.5,13.9,13.9,14,14.2,13.6,14.1,13.4,13.2,13.2,13.5,13.4,13.4,13,12.8,13,13,12.6,12.3,12.5,12.5,12.3,12,11.6,11,11,11.4,10.8,11.3,10.8,11,10.6,10.4,10.1,10.3,9.6,8.8,8.7,9.1,9,9.6,9.4,9,9.2,8.9,9.1,8.5,8.1,7.8,7.7,7.7,8.3,8.1,7.5,8,7.5,7.1,7.1,7.9,7.1,6.9,7,6.9,6.6,6.4,6,6.2,6.3,5.3,5.6,6,5.5,4.8,4.5,4.8,4.8,4.3,4.1,4.6,3.9,4.1,4.4,4.8,4.8,5.4,4.2,4.2,4.4,4.1,4.5,4.2,4.1,4.1,3.4,4,4.8,4.2,4,3.5,3.6,3.8,3.8,3.7,3.9,4.1,3.8,3.6,4,3,2.6,2.7,2.9,2.7
"Pr. George",-10.5,-11.4,-11,-11.9,-13.5,-13.2,-12.3,-13.1,-13.3,-13.3,-12.2,-9.3,-8.7,-8.6,-9,-9,-8.7,-8.7,-7.8,-6.9,-7.3,-7.3,-7.9,-8.3,-8.8,-8.7,-8.4,-8.1,-9.3,-9.7,-10.1,-9,-7.7,-7.6,-6.3,-5.9,-6.1,-5.9,-6.1,-6.5,-5.9,-5.5,-6.1,-6.8,-6.6,-5.3,-5.8,-6,-4.7,-4.6,-3.9,-3.2,-3.7,-4,-4.1,-3.7,-4.3,-3.2,-3.9,-4.5,-5.3,-4.9,-3.8,-2.1,-1.6,-1.4,-0.2,-0.2,-1.2,-1.7,-1,-0.7,-0.8,-0.9,-0.2,0,0.4,0.5,0.6,0.4,0.4,0.4,-0.1,0.3,0.9,1.2,1.7,2.5,2.6,2.7,2.9,3,3,3.5,4.2,3.6,3.6,3.4,3.3,3.2,3.2,3.7,3.7,4.8,4.6,5.3,4.7,4.8,5.2,5.6,5.6,6.1,6.1,6.5,6.7,7,7.2,7,6.9,7.5,7.7,7.6,7.5,8.2,8.2,7.9,8.5,9,8.7,8.9,9.2,8.9,8.5,8.3,9.3,10.1,9.5,9.7,10.5,10.6,10.4,10.5,10.1,10,10.8,11,11.1,11.2,11.8,12,12.5,12.6,12.2,12.9,12.8,12.7,12.4,13.1,12.7,12.6,12.1,12.7,12.7,12.4,13.6,14,13.5,13.9,14,13.6,13.6,13.8,13.8,13.7,13.5,14,13.5,13.3,13.2,14,14,13.4,14.1,14.7,14.7,14.7,15.1,15.3,15.1,14.7,15,15.4,15.3,15.3,15,14.5,15,14.9,15.7,15.8,15.7,15.5,15.5,15.6,16.1,15.8,16.4,16.2,16.1,15.9,16.3,16.5,16.5,16.4,16.9,16.6,16.2,15.8,15.7,16.2,16.2,15.8,16.2,16,15.7,15,14.6,14.8,15,14.2,14,14.3,14,13.2,13.3,13.2,13,12.6,13,12.7,12.7,13.2,13.3,12.7,12.1,12.2,12.4,11.7,10.9,10.6,10.8,10.7,10.2,9.9,10.2,10.2,9.9,9.7,9.4,9.8,9.3,8.8,9,10.1,9.7,9.4,9.3,8.8,7.9,7.9,8,8.3,8.2,7.9,7.5,7.5,7.4,7.3,7,6.4,6.2,6.1,5.9,5.8,5.4,5.2,5.3,4.1,3.6,3.8,4.7,4.2,4,3.2,4.1,4.1,4,4.2,2.5,2,1.5,1.6,2.2,1.6,0.6,0.1,1,0.3,-0.3,-0.8,-0.2,-1,-1.2,-1.6,-1.9,-2.3,-1.8,-2.1,-1.5,-2,-3.7,-4.2,-3.6,-4.8,-6,-6.4,-5.3,-5.6,-6.8,-6.6,-5.4,-5.5,-5.4,-5.5,-6.9,-7.3,-7.3,-7,-6.8,-6.7,-7.2,-6.6,-6.7,-7.6,-6.9,-7,-6.1,-6,-6.8,-7.9,-8.8,-9.4,-8.6,-8.7,-9.4,-9,-8.6,-7.8,-7.6,-8.4,-9.7,-11.4,-11.5,-11.4,-11.9
"Pr. Rupert",0.4,0.5,-0.2,-0.6,-1,-0.6,0,0.1,-0.1,-1,0.2,0.9,1.5,1.9,1.7,1.9,1.8,2.1,2.2,2,1.8,2,1.8,1.5,1.4,1.1,0.8,1.1,1.5,1.1,1.2,0.9,1.6,1.6,2.2,2.4,2.8,3,2.6,2.3,2.2,2.2,2.5,1.8,2.8,2.7,2,2.5,3.1,3.4,3.1,3.1,3.2,2.9,2.5,2.9,3.5,3.1,2.4,2.1,1.7,2.5,3,2.9,2.9,3.1,3.6,3.9,3.9,3.8,3.9,3.7,3.7,3.5,3.4,3.9,3.8,3.9,4.7,4.3,4.2,3.7,4,3.8,3.8,4,4.6,4.9,4.7,4.5,5,4.9,5.3,5,4.9,5,5.2,5.2,5.3,4.9,4.7,4.9,5.4,5.2,5.2,5.7,5.3,5.4,5.9,5.7,6,6.3,6.2,6.6,6.8,6.8,6.6,7.1,7,7.2,7.2,7.4,7.4,7.4,7.2,7.8,8,7.8,7.5,7.8,7.7,8,7.9,7.8,8.2,8.4,8.5,8.6,8.6,8.7,8.7,8.8,9.2,9.3,9.3,9.3,9.8,10,9.9,9.9,10.3,9.8,10.2,10.2,10,10.2,10.4,10.2,10.3,10.4,10.5,10.6,10.7,11.3,11.5,11.1,11.3,11.2,11.3,11.3,11.5,11.1,11.2,11.6,11.6,11.5,11.6,11.4,11.5,12.1,11.9,11.8,12.1,12.4,12.3,12.3,12.6,12.8,12.9,13,12.9,12.9,12.7,12.7,12.4,12.9,12.9,13,13.2,13.3,13.3,13.1,13.2,13.1,13.2,13,13.3,13.2,13.7,13.5,13.9,13.6,13.4,13.7,13.9,13.6,13.6,14,13.9,14.3,14.1,13.4,13.7,13.6,13.4,13.2,13.4,13.4,13.5,13,13,13.1,13,12.9,13.2,13.2,12.9,12.6,12.5,13,12.8,13,12.8,12.6,12.8,12.5,12.4,12.2,12.1,11.7,12,12,11.7,11.6,11.7,11.3,11.5,11.5,11,10.8,10.7,10.9,10.9,11.2,11.1,11,10.8,10.4,10.5,10,10.4,10.4,10.4,10.1,9.7,9.8,9.6,9.5,9.6,9.6,9.2,8.9,8.6,8.6,8.4,8.2,7.7,7.5,7.4,7.7,7.9,7.7,7.1,7.1,7.6,7.6,7.3,7,6.5,6,5.9,6.6,6.8,6.6,6.7,6.8,6.7,5.8,5.2,5,5.1,4.7,4.5,4.5,4.7,4.2,3.8,3.9,4,3.5,3.3,3.4,3.2,2.9,2.3,2.5,2.8,2.9,2.8,2.9,2.8,3.2,3,2.9,2,1.9,1.9,2,2.5,2.5,2.6,2.7,2.3,2.2,2.7,3.1,3.1,3.2,1.7,1.8,1.9,2,2.1,1.7,1,1.1,1.8,2,2.4,1.6,0.8,0.1,-0.1,-0.1,0
"Whitehorse",-17.6,-18.6,-18.6,-20,-20.9,-21,-20.4,-21.4,-22.1,-22.7,-21.8,-21,-20.5,-20.7,-19.6,-16.6,-14.8,-15.1,-13.9,-14.6,-15.4,-15.6,-16.5,-18,-18.5,-18.8,-17.9,-17.6,-16.9,-17.4,-17,-16.7,-16.9,-18.5,-17.6,-14.9,-11.6,-10.5,-12.4,-13.1,-13.5,-15.5,-15.2,-15.2,-13.7,-13.6,-14.5,-15.2,-13.2,-12.6,-12.9,-12.1,-11.5,-10.9,-10,-9.5,-9.4,-9.1,-10.2,-10.8,-11,-11.3,-11.6,-11.6,-11.3,-8.4,-8.2,-7.6,-7,-7.6,-7,-5.4,-6.8,-7.3,-6.9,-7.8,-6.2,-5.9,-6.7,-6,-6.8,-5.7,-5.4,-4.6,-4.8,-4.7,-3.5,-2.7,-2.5,-3.1,-3.2,-2.4,-1.3,-1.5,-2.2,-1.4,-1,-1.1,-1.3,-1.4,-1.3,-1.3,-0.5,-0.6,0.4,0.8,0.8,0.8,1.1,1.4,2,1.7,1.9,3,3.4,3.8,3.8,4,4,4,3.9,4.3,4.1,4.5,4.8,5.6,5.2,5,5,5.7,5.9,6,5.9,6.4,6.8,6.4,6.4,6.9,7.3,7.6,7.5,7.2,7.5,7.9,8.5,8.5,9.2,9.5,9.5,10,10.1,9.9,9.8,9.7,10.6,10.5,11.2,10.9,10.7,11.1,11.3,11.3,11.9,12.2,12.6,12.1,12,11.8,11.8,11.8,12.3,11.7,12,12.4,12.2,12.1,12.3,12.7,13.2,13.6,13.6,13.3,12.8,13.2,13.8,13.6,13.9,14.4,14.3,13.8,14.2,14.7,14.3,13.8,13.9,13.7,13.8,14.6,14.2,14.2,14.1,13.7,13.5,13.8,14.1,14.2,13.9,13.7,14.3,14.9,14.9,14.7,14.1,14.2,14.1,14,14.1,13.9,13.6,13.8,13.3,13.7,13.3,13.5,13.3,13.1,13.2,13,12.8,12.3,12,11.9,11.4,11.5,10.8,11.1,11.2,10.8,10.2,10.6,10.4,10.3,10.2,8.8,9.4,9.3,9,8.1,8.7,8.7,7.8,8.1,7.8,8.2,8.3,8.3,8.5,8.1,7.4,6.6,6.8,7.1,7,6.9,6,6,5,5.1,5.1,4.5,4.9,4.7,4.9,5,4.2,3.4,2.4,2.7,4,3.9,4,2.9,2.9,3.1,2.7,2.8,1.5,1.1,0.8,1.2,-0.3,-1,-0.7,-1.4,-0.7,-1,-1.2,-2.2,-3.6,-3.8,-3.4,-3,-3.8,-5.2,-6,-4.5,-5.4,-6.2,-6.7,-6.8,-7.6,-8.3,-8.5,-8.3,-8.9,-9.1,-9.5,-9.7,-8.5,-11.1,-12.7,-12.2,-12.1,-12.9,-12.7,-11.1,-11.3,-12.4,-12.3,-12.1,-13,-11.5,-11.4,-13.1,-14.1,-14.8,-14.7,-15.6,-15.9,-15.7,-15.9,-16.2,-15.8,-16.1,-17.1,-15,-13.2,-13,-14.2,-14.5,-16,-15.4,-13.8,-15.6,-17.5,-18.2,-17.1,-15.6,-15.2,-15.6,-16,-17.5,-17.7,-17.3,-16.2
"Dawson",-28,-28.9,-29.5,-29,-28.8,-29.9,-30.3,-30.8,-31.5,-32.6,-32,-30.8,-30.9,-31.2,-30.6,-28.1,-26.5,-25.3,-24.6,-25.6,-25.9,-25.4,-26.2,-27.8,-28.6,-28.4,-29.5,-29.8,-28.9,-29,-29.2,-27.9,-28.3,-29.3,-28.4,-26.9,-23.4,-21.9,-23.2,-22.9,-24.2,-25.2,-25.6,-24.7,-24.2,-23.8,-24.6,-24.7,-26.1,-25.1,-24.3,-23.7,-22.3,-21.5,-19.6,-19.1,-18.6,-17.8,-17.9,-19.5,-19,-19.5,-19.6,-18.7,-18.2,-15.3,-15.4,-14.6,-14.3,-14,-13.4,-13,-14.2,-14.2,-14,-14,-12.6,-12,-12.2,-11.8,-10.1,-9.9,-9.2,-9.5,-9.4,-7.9,-7.8,-6.7,-6.8,-6.7,-7.6,-6.7,-6.3,-4.9,-4.2,-3.7,-3.5,-3.1,-2.8,-3.5,-4,-3.5,-2.8,-2,-1.7,-0.9,-0.3,0.5,0,0.4,0.7,1,1.7,2.8,3.3,3.7,3.6,3.4,4,4.4,4.5,4.8,4.9,5.1,5.2,5.8,5.8,5.8,5.6,5.5,6.1,6.5,6.4,6.8,7.1,7.4,7.9,8.5,8.8,8.5,8.5,8.9,9.6,9.5,10,10.6,10.8,11.5,11.6,11.4,11.6,11.5,11.3,11.7,11.8,12.7,13,12.4,12.5,12.3,13.2,13.4,13.7,14,14.1,14.1,13.9,14.1,13.8,14.1,14.4,14.3,14.2,13.8,14.1,14,14.1,14.6,14.8,15,15.2,14.8,15,15.5,15.3,15.6,15.6,15.7,16,15.9,16.2,16,16.2,16,16,15.9,16.3,16.1,15.4,15.7,15.2,14.7,14.5,14.6,15.3,15.1,14.9,15.5,15.8,15.6,15.6,15.3,15.4,15.2,14.6,14.2,14.5,14.4,14.3,14,13.9,13.8,13.6,13.1,13.5,13,12.9,13.3,13.3,12.9,12,11.8,11.9,11.4,11.3,11.1,11,10.6,10.7,10.3,9.3,9.8,9.4,9,8.9,8.1,8.2,8.1,8.4,7.5,7.8,7.2,7,6.9,7.2,7.6,7.1,7.5,6.8,6.3,6.1,5.9,5.6,4.8,3.9,3.8,3.1,2.9,2.6,2.7,2.5,2.2,2.2,2.6,2,0.9,0.2,0,0.9,0.9,0.7,-0.6,-0.4,-0.3,-1.5,-2.1,-2.4,-2.9,-4,-4.6,-6.4,-7,-6.7,-7.6,-6.4,-6.6,-8,-9.1,-10.4,-9.1,-9.1,-9.4,-10.8,-11.4,-11.9,-12.8,-12.5,-12.5,-12.9,-13,-14.9,-15.6,-15,-15.1,-15.3,-16.2,-17.7,-17.8,-18.1,-19.4,-20.6,-20.8,-21.1,-20.9,-19.6,-18.6,-20.1,-21.2,-20.8,-22,-22.4,-21,-21.4,-23.1,-24.7,-24.8,-25,-25.6,-25.9,-25.8,-25,-25.3,-25.9,-26.4,-26.3,-26.3,-24.1,-23.2,-24.1,-24.8,-25.3,-24.6,-23.2,-24.7,-25.8,-26.5,-26,-24.5,-24.7,-25,-26.4,-27.1,-26.8,-27.2,-27.2
"Yellowknife",-24.5,-25.3,-26.1,-27.7,-27.8,-28.1,-28.8,-28.8,-28,-27.7,-28.6,-28.4,-28.7,-28.4,-28.2,-28.7,-28,-26.9,-25.6,-25.3,-26.5,-26.9,-27.3,-28.2,-29.6,-29,-29.4,-30.5,-29.1,-29.1,-29.3,-28.4,-27.8,-27.1,-27.1,-25.4,-25,-24.2,-23.9,-24.8,-24.9,-26.4,-26.4,-27.2,-27.1,-26,-26.6,-25.8,-26.2,-25,-23.8,-23.3,-22.9,-22.1,-22.1,-22.1,-21,-19.8,-19.1,-21.7,-21.1,-21.2,-20,-20.6,-21.1,-22.1,-20.7,-20.2,-20,-19.8,-18.4,-18.8,-19.3,-19.2,-18.7,-17.9,-18.2,-18,-17.6,-17.5,-16.6,-16.5,-16.3,-16.9,-16.2,-15,-14.6,-13.5,-13,-12,-11.6,-13.3,-12.4,-11.7,-11.4,-11,-10.4,-9.7,-9.4,-8.9,-7.9,-7,-7.5,-7.6,-6.3,-6.7,-5.7,-5.1,-4.8,-3.4,-2.5,-3,-2.6,-2.8,-2.4,-1.8,0,0.5,0,0.2,-0.2,0.4,1.3,1.2,1.9,2.3,2.9,2.9,2.4,3.1,3.7,4.1,4,3.9,4,4.8,6,5.4,5.5,6.8,7.2,7,7.3,8.3,8.3,7.3,8.1,8.3,9.3,9.6,10.3,10.6,10.4,10.2,11,11,11.2,11.2,11.5,11.4,11.6,12,11.9,12.6,13.6,13.6,13.8,13.9,13.9,14.2,14.5,14,14,13.9,14.8,15.2,15,15,15.2,15.8,16.3,16.4,16.3,16.1,16.2,16.5,15.9,15.7,16,16.5,16.8,17.2,17.5,16.9,16.6,15.9,16.7,16.8,16.7,16.6,16.8,16.8,16.3,16,16.4,16.8,17.4,16.4,16.1,16.5,16.8,16.5,16.4,16.9,16.8,16.5,16.5,15.7,15.3,15.5,16,15.8,14.7,13.9,14.3,14.3,14.1,13.9,14.6,14.7,13.5,13.8,13.7,13.4,13.3,12.8,12.4,12.3,12,11.9,11.4,11.5,10.6,9.9,9.5,8.5,8.5,8.5,8.5,8.4,7.9,7.9,7.6,7.3,7.4,7.8,7.3,7.7,7.5,7.1,6.9,6.6,6.1,5.9,5.9,4.9,4.2,3.7,3.5,3.7,3.7,4,3.1,2.9,3.1,2.7,1.7,0.9,1,1.8,2.5,2.3,1.2,0.9,0.6,-0.7,-1.5,-1.3,-1.2,-1.7,-2.3,-2.9,-3.1,-3.3,-3.1,-2.7,-3.4,-4.3,-4.8,-5.1,-5.3,-6.2,-7.4,-7.6,-8.3,-8.7,-8.3,-8.3,-9.5,-10.9,-11.2,-12.1,-11.9,-12.4,-12.6,-12,-12.1,-12.6,-12.9,-14.2,-16.9,-18.4,-18.3,-18.1,-18.5,-17.9,-17.2,-18.6,-20,-20.7,-19.1,-18.4,-19,-20.8,-20.7,-20.4,-21.2,-21.9,-23.1,-23.2,-23.7,-24.6,-24.9,-24.8,-25.1,-25.3,-23.6,-22.3,-22,-22.7,-23.5,-24.6,-24.3,-24.1,-24.9,-24.7,-24.7,-25.6,-25,-25.5,-26.1,-25.4,-24.5,-25.8,-25.1
"Iqaluit",-23.3,-24,-24.4,-24.7,-25.3,-26.3,-26.5,-26.2,-26.1,-27.2,-26.9,-26.6,-27,-27.7,-25.7,-25.1,-24.5,-25.6,-26.9,-27.6,-27.4,-28,-26.9,-25.1,-25.6,-25.8,-27.5,-26.7,-26.3,-28.1,-28.5,-28.3,-28.8,-29.2,-28.7,-27.3,-27.3,-26.5,-27.2,-27.1,-26.1,-26.8,-26.5,-25.7,-27.1,-28.2,-28.7,-28.5,-27.4,-26.6,-26.6,-27.6,-27.3,-26.7,-27.4,-28.3,-26.6,-25.8,-26.9,-27.3,-26.2,-25.5,-26.3,-27.6,-26.2,-24.8,-25,-25.5,-25.6,-25.1,-25.2,-26.1,-26.5,-25.2,-23.6,-22.8,-23.4,-23.7,-23.4,-23.1,-23,-22.9,-22.7,-22.3,-21.5,-21.4,-20.7,-19.4,-18.6,-17.8,-18.4,-18.6,-19,-18.8,-19,-18.2,-16.8,-17.9,-16.9,-17,-17.6,-16.9,-16.2,-15.5,-16.4,-15.9,-16.2,-14.5,-14.4,-13.8,-13.3,-12.6,-11.4,-10.7,-10.7,-11.3,-11.8,-11.7,-10.8,-9.9,-8.9,-7.8,-7.6,-6.5,-7,-7.4,-6.5,-6.3,-6.3,-5.6,-5.7,-5.4,-5.3,-5,-4.3,-3.8,-3.8,-4.1,-4.4,-4.3,-4,-4.1,-4.2,-3.7,-2.6,-1.5,-0.1,-0.6,-0.4,0.4,0.3,0.2,0.5,0.9,0.9,1,1.4,1.5,1.8,2,2.2,2.3,2.8,2.8,3.4,3.8,3.8,4,4,4.2,4.2,4.1,4.4,4.5,4.9,5.4,5.8,6.1,6.3,6.5,5.9,6.1,6.4,6.5,6.7,7.1,6.8,6.4,6.7,7.2,7.3,7.7,8.4,7.9,7.7,7.5,7.3,7.6,7.4,7.7,8.6,8.6,8,8.6,8.7,8.9,8.6,8.8,8.7,7.8,8,7.7,7.6,7.8,7.7,7.5,7.7,7.9,8,7.3,7,7.4,7.7,7.9,7.3,7.3,7.6,7.2,6.6,6.6,6.6,6.5,6.4,6.8,6.5,6.2,6.1,5.8,5.7,5.3,4.9,5.1,5,4.7,4.7,5.1,5.1,4.5,4,4.2,3.9,3.8,3.4,3.3,3.4,3,2.9,2.1,1.7,2,1.9,1.8,1.8,0.9,0.5,0.5,0.4,0.3,0.1,-0.5,-1.2,-1.1,-1.1,-1.3,-1.7,-2,-1.9,-1.9,-2,-2.3,-2.8,-1.8,-3.3,-3.1,-3.3,-3.6,-3.6,-3.8,-4.5,-4.8,-4.2,-5.1,-5.8,-6.6,-7.3,-7.8,-7.6,-8.2,-7,-7.1,-8,-8.6,-9.3,-8.6,-8.2,-9.1,-8.8,-9.7,-10.1,-10,-9.2,-10.2,-10.6,-11.2,-12.4,-12.4,-12.1,-11.7,-12.3,-13.1,-13.1,-13.6,-13.5,-13.2,-14.3,-14.3,-15.6,-16.1,-15.4,-14.9,-16.4,-19.1,-20.1,-19.1,-18.4,-19.2,-20.5,-21,-19.7,-20.7,-22,-21.9,-21.4,-21,-21.9,-24,-24.4,-24.4,-23.4,-21.8,-22.9,-23.6,-22.6,-22.6,-23.5,-22.8,-22.6,-23.4,-23,-23,-24.1,-23.1,-23.5,-23.9,-24.5
"Inuvik",-26.3,-27.1,-27.8,-28.2,-27.2,-27.6,-27.2,-27.3,-28.2,-28.8,-29.1,-30,-30.5,-30.6,-30.9,-31.5,-30.6,-29.3,-27.3,-27.4,-28.5,-28.8,-28.7,-27.3,-26.7,-27,-29.4,-28.6,-28.5,-30.1,-31,-31.2,-30.5,-29.9,-29.2,-28.4,-28.8,-28,-26.8,-27.2,-28.5,-29.7,-29.4,-29.9,-31.3,-30.7,-31,-32.1,-31.3,-29.8,-28.4,-27.4,-26.6,-26.2,-26.2,-24.4,-23.1,-23.6,-23.6,-24.4,-25.7,-26.4,-26.1,-26.9,-26.3,-24.4,-25,-24.4,-23.8,-24.2,-23.8,-24.2,-25.4,-25.1,-24,-24.2,-23.9,-24.1,-23.6,-23.4,-23.2,-23,-22.7,-21.4,-21.6,-22.3,-21.3,-20.5,-20,-19.5,-19.4,-20,-19,-18.3,-18.3,-18.7,-18.1,-18.6,-18.5,-17.5,-17.4,-17.2,-14.6,-13.9,-13.2,-12.7,-12.8,-13,-12.8,-11.9,-11.2,-10.7,-10.6,-10.5,-8.1,-8.1,-8.7,-7.8,-6.9,-5.8,-5,-4.8,-5.4,-5.2,-4,-4.2,-3.5,-3.9,-3.6,-3.5,-3.7,-3.5,-3.3,-3.2,-2.1,-0.3,0.7,1.2,1.4,0.9,1.5,2.3,1.3,1.6,3.4,4.5,4.1,4.3,5.4,6.6,7.4,7.2,6.7,7,7.1,7.7,8.9,9.3,9.1,9.1,9.5,9.9,10.6,11.5,12.7,11.8,11.8,11.6,11.8,12.3,11.8,11.6,12.6,12.1,11.8,11.4,11.8,12.1,12.3,13.5,13.2,12.9,13.6,13.4,14.1,13.7,13.1,14,14.5,14.5,15.1,14,13.8,14.3,14.7,14.9,15,15.3,15,13.5,13.9,13.5,12.9,12.9,13.9,13.4,13.5,13.5,13.8,14,13.8,13.6,14,13.4,12.1,11.5,11.3,12.6,12.6,12.4,11.8,11.5,12.3,11.2,10.8,11.1,11.8,11.7,11.2,11.6,11,10,10.3,9.5,9.4,9.2,9.7,9.2,7.6,7.2,7.8,7.6,7.5,6.3,5.7,6.4,6.2,5,5.2,4.8,4.9,4.6,4.8,5,5,5,5.2,5.1,4.5,3.7,2.9,2.4,2.1,2.4,0.9,0.7,0.3,-0.2,-0.3,-0.1,-0.5,-1.1,-1.5,-1.8,-2.4,-2.6,-3.4,-3.4,-2.5,-2.2,-2.7,-3.8,-3.7,-4.6,-6.4,-6.9,-7.1,-7.6,-8.3,-9,-9.5,-9.8,-10.7,-11.4,-11.4,-10.7,-11.7,-11.6,-13.1,-13.9,-14.1,-14.8,-15.5,-16.4,-15.8,-16.8,-16.7,-16.5,-17.9,-18.4,-18.4,-18.5,-18.7,-19.1,-18.8,-18.5,-18.4,-19.6,-21.9,-22.7,-21.8,-23.1,-23.6,-23.8,-24.4,-25,-25.5,-25.9,-27.3,-27.2,-26.2,-24.8,-24.9,-24.8,-25.2,-25.2,-24.4,-24.9,-26.3,-27.5,-28,-28.4,-27.2,-27.6,-27.2,-25.5,-25.8,-26,-26.4,-26.3,-26.2,-25.5,-24.4,-24.2,-26.1,-27.5,-27.2,-26.5,-26.7,-26.9,-26.9,-25.9,-25.7,-24,-24.8
"Resolute",-30.7,-30.6,-31.4,-31.9,-31.5,-31.1,-30.9,-30.8,-31.3,-31.8,-32.2,-32.8,-32.8,-32.8,-33.4,-33.4,-33.3,-32.8,-32.4,-32.7,-32.6,-33,-33.6,-33.8,-33.4,-31.7,-31.8,-32.8,-33.8,-33.4,-33.1,-33.7,-32.9,-31.7,-32.4,-33,-32.5,-32.4,-32.3,-32,-33,-33.5,-33.2,-33.8,-33.3,-33.5,-33,-32.4,-32.8,-32.9,-33.4,-33.5,-33.2,-33.4,-33.2,-33,-33.8,-33.4,-33,-32.9,-32.9,-34.1,-33.4,-32.9,-32.2,-32.1,-33.4,-34.8,-34.2,-32.9,-32.2,-32,-31.7,-31.1,-31.7,-31.5,-31.1,-30.9,-30.5,-30.7,-30.9,-30.3,-29.6,-29.1,-28.1,-28,-28.4,-28.9,-28.1,-27.6,-28.3,-29.3,-29.8,-29,-28.6,-27.9,-26.8,-26.8,-26.7,-25.5,-24.6,-24.7,-25.1,-24.4,-23.9,-23.2,-21.8,-21.5,-22,-21.6,-21.1,-21,-20.4,-19.9,-20.1,-19.9,-19,-18.7,-17.8,-17.3,-17.1,-17,-16.5,-15.3,-14.6,-14,-13.9,-13.5,-13.2,-12.1,-11.4,-11.7,-11.5,-11.4,-11.3,-11.1,-10.9,-10.5,-10.6,-10.6,-10.4,-9.5,-8.9,-8,-7.7,-8,-7.1,-6.4,-5.8,-5.3,-5,-5,-4.1,-4.1,-3.7,-3.9,-3.4,-3.1,-2.7,-2.4,-2,-1.4,-1.1,-0.4,-0.6,-0.3,0.3,-0.1,0.3,0.3,1,1,1.1,1.7,1.8,2.1,2.1,2.3,2.3,2.1,2.4,2.9,3.2,3.2,3.5,4,4.1,4.2,4.2,4.4,4.2,4.1,4.3,4.5,4.5,4.5,4.9,4.7,4.6,4.6,5,4.4,4.4,4.5,4.2,4.2,4,3.8,3.6,3.7,3.7,3.6,3.5,3.4,4,3.7,3.4,3.1,2.7,2.8,2.9,3.3,2.7,2.5,2,2.2,1.9,1.7,1.7,2,1.9,1.4,0.8,0.8,1.2,1.2,0.7,0.3,0.2,0.1,-0.8,-0.8,-0.4,-0.8,-1.3,-1,-1.2,-1.8,-2.1,-2.3,-2.4,-2.9,-3.5,-3.7,-3.8,-4.3,-4.7,-4.7,-4.6,-5,-5.7,-5.9,-6.2,-6.5,-7,-7.4,-7.4,-8,-7.9,-8.4,-9.3,-9.9,-9.8,-9.8,-10.3,-10.3,-10,-10.2,-11.7,-12,-11.8,-12,-13.3,-14,-14.5,-14.2,-14.4,-15,-15.5,-15.3,-15.3,-15.3,-15.5,-16.9,-18.2,-18.8,-18.8,-18.7,-19,-18.8,-19.2,-19.2,-19.2,-19.3,-20,-20.1,-20.7,-21.7,-22,-22.2,-22.5,-22.8,-22.8,-22.4,-22.6,-23.6,-23.6,-25.1,-25.2,-25,-24.8,-24.9,-25.4,-25.9,-26.3,-26.5,-25.4,-26.3,-26.7,-28.6,-28.4,-27.3,-27.5,-27.3,-27.1,-27.4,-28,-28.2,-28.2,-28.1,-28.3,-28.8,-29,-29.1,-29.8,-29.2,-28.4,-29.1,-29.9,-29.3,-28.7,-27.8,-28.9,-29.9,-31.2,-30.9,-29.4,-29.5,-30.2,-29.7,-29.8,-30.1,-29,-29.4,-30.5
